,CO2,Aktive,Distanz,timestamp,Teamplatzierung
0,"0,0",0,0,1598994000.0,715
0,"0,0",0,0,1598994900.0,715
0,"0,0",0,0,1598995800.0,727
0,"0,0",0,0,1598996700.0,727
0,"0,0",0,0,1598997600.0,727
0,"0,0",0,0,1598998500.0,727
0,"0,0",0,0,1598999400.0,727
0,"0,0",0,0,1599000300.0,727
0,"0,0",0,0,1599001200.0,727
0,"0,0",0,0,1599002100.0,727
0,"0,0",0,0,1599003000.0,731
0,"0,0",0,0,1599003900.0,731
0,"0,0",0,0,1599004800.0,731
0,"0,0",0,0,1599005700.0,731
0,"0,0",0,0,1599006600.0,731
0,"0,0",0,0,1599007500.0,731
0,"0,0",0,0,1599008400.0,731
0,"0,0",0,0,1599009300.0,731
0,"0,5",1,3,1599010200.0,8
0,"0,5",1,3,1599011100.0,8
0,"0,5",1,3,1599012000.0,8
0,"0,5",1,3,1599012900.0,8
0,"0,5",1,3,1599013800.0,8
0,"0,5",1,3,1599014700.0,8
0,"0,5",1,3,1599015600.0,8
0,"0,5",1,3,1599016500.0,8
0,"0,5",1,3,1599017400.0,9
0,"0,5",1,3,1599018300.0,9
0,"0,5",1,3,1599019200.0,9
0,"0,5",1,3,1599020100.0,9
0,"0,5",1,3,1599021000.0,9
0,"0,5",1,3,1599021900.0,9
0,"0,5",1,3,1599022800.0,9
0,"0,5",1,3,1599023700.0,9
0,"0,5",1,3,1599024600.0,55
0,"0,5",1,3,1599025500.0,55
0,"0,5",1,3,1599026400.0,55
0,"0,5",1,3,1599027300.0,55
0,"0,5",1,3,1599028200.0,55
0,"0,5",1,3,1599029100.0,55
0,"0,5",1,3,1599030000.0,55
0,"0,5",1,3,1599030900.0,55
0,"3,0",4,20,1599031800.0,106
0,"3,0",4,20,1599032700.0,106
0,"3,0",4,20,1599033600.0,106
0,"3,0",4,20,1599034500.0,106
0,"3,0",4,20,1599035400.0,106
0,"3,0",4,20,1599036300.0,106
0,"3,0",4,20,1599037200.0,106
0,"3,0",4,20,1599038100.0,106
0,"12,6",10,86,1599039120.0,31
0,"12,6",10,86,1599039900.0,31
0,"12,6",10,86,1599040860.0,31
0,"12,6",10,86,1599041700.0,31
0,"12,6",10,86,1599042600.0,31
0,"12,6",10,86,1599043500.0,31
0,"12,6",10,86,1599044400.0,31
0,"12,6",10,86,1599045300.0,31
0,"19,9",13,135,1599046200.0,25
0,"19,9",13,135,1599047100.0,25
0,"19,9",13,135,1599048000.0,25
0,"19,9",13,135,1599048900.0,25
0,"19,9",13,135,1599049800.0,25
0,"19,9",13,135,1599050700.0,25
0,"19,9",13,135,1599051600.0,25
0,"19,9",13,135,1599052500.0,25
0,"20,7",13,141,1599053400.0,28
0,"20,7",13,141,1599054540.0,28
0,"20,7",13,141,1599055380.0,28
0,"20,7",13,141,1599056100.0,28
0,"20,7",13,141,1599057060.0,28
0,"20,7",13,141,1599057900.0,28
0,"20,7",13,141,1599058800.0,28
0,"20,7",13,141,1599059820.0,28
0,"48,6",22,331,1599060600.0,11
0,"48,6",22,331,1599061980.0,11
0,"48,6",22,331,1599062400.0,11
0,"48,6",22,331,1599063300.0,11
0,"48,6",22,331,1599064200.0,11
0,"48,6",22,331,1599065100.0,11
0,"48,6",22,331,1599066000.0,11
0,"48,6",22,331,1599066960.0,11
0,"67,5",26,459,1599067800.0,10
0,"67,5",26,459,1599068700.0,10
0,"67,5",26,459,1599069600.0,10
0,"67,5",26,459,1599070500.0,10
0,"67,5",26,459,1599071400.0,10
0,"67,5",26,459,1599072300.0,10
0,"67,5",26,459,1599073200.0,10
0,"67,5",26,459,1599074100.0,10
0,"94,9",31,646,1599075000.0,7
0,"94,9",31,646,1599075900.0,7
0,"94,9",31,646,1599076800.0,7
0,"94,9",31,646,1599077700.0,7
0,"94,9",31,646,1599078600.0,7
0,"94,9",31,646,1599079500.0,7
0,"94,9",31,646,1599080400.0,7
0,"94,9",31,646,1599081300.0,7
0,"138,3",35,941,1599082200.0,6
0,"138,3",35,941,1599083100.0,6
0,"138,3",35,941,1599084000.0,6
0,"138,3",35,941,1599084900.0,6
0,"138,3",35,941,1599085800.0,6
0,"138,3",35,941,1599086700.0,6
0,"138,3",35,941,1599087600.0,6
0,"138,3",35,941,1599088500.0,6
0,"169,3",38,1.152,1599089400.0,6
0,"169,3",38,1.152,1599090300.0,6
0,"169,3",38,1.152,1599091200.0,6
0,"169,3",38,1.152,1599092100.0,6
0,"169,3",38,1.152,1599093000.0,6
0,"169,3",38,1.152,1599093900.0,6
0,"169,3",38,1.152,1599094800.0,6
0,"169,3",38,1.152,1599095700.0,6
0,"169,3",38,1.152,1599096600.0,6
0,"169,3",38,1.152,1599097500.0,6
0,"169,3",38,1.152,1599098400.0,6
0,"169,3",38,1.152,1599099300.0,6
0,"169,3",38,1.152,1599100200.0,6
0,"169,3",38,1.152,1599101100.0,6
0,"169,3",38,1.152,1599102000.0,6
0,"169,3",38,1.152,1599102900.0,6
0,"169,3",38,1.152,1599103800.0,6
0,"169,3",38,1.152,1599104700.0,6
0,"169,3",38,1.152,1599105600.0,6
0,"169,3",38,1.152,1599106500.0,6
0,"169,3",38,1.152,1599107400.0,6
0,"169,3",38,1.152,1599108300.0,6
0,"169,3",38,1.152,1599109200.0,6
0,"169,3",38,1.152,1599110100.0,6
0,"169,3",38,1.152,1599111120.0,6
0,"169,3",38,1.152,1599111900.0,6
0,"169,3",38,1.152,1599112800.0,6
0,"169,3",38,1.152,1599113700.0,6
0,"169,3",38,1.152,1599114660.0,6
0,"169,3",38,1.152,1599115560.0,6
0,"169,3",38,1.152,1599116400.0,6
0,"169,3",38,1.152,1599117300.0,6
0,"176,6",41,1.202,1599118200.0,6
0,"176,6",41,1.202,1599119100.0,6
0,"176,6",41,1.202,1599120000.0,6
0,"176,6",41,1.202,1599120900.0,6
0,"176,6",41,1.202,1599121920.0,6
0,"176,6",41,1.202,1599122700.0,6
0,"176,6",41,1.202,1599123660.0,6
0,"176,6",41,1.202,1599124500.0,6
0,"217,8",46,1.482,1599125520.0,6
0,"217,8",46,1.482,1599126300.0,6
0,"217,8",46,1.482,1599127200.0,6
0,"217,8",46,1.482,1599128100.0,6
0,"217,8",46,1.482,1599129000.0,6
0,"217,8",46,1.482,1599129900.0,6
0,"217,8",46,1.482,1599130920.0,6
0,"217,8",46,1.482,1599131760.0,6
0,"230,4",47,1.568,1599132600.0,7
0,"230,4",47,1.568,1599133500.0,7
0,"230,4",47,1.568,1599134460.0,7
0,"230,4",47,1.568,1599135360.0,7
0,"230,4",47,1.568,1599136200.0,7
0,"230,4",47,1.568,1599137100.0,7
0,"230,4",47,1.568,1599138000.0,7
0,"230,4",47,1.568,1599138900.0,7
0,"239,4",48,1.629,1599139800.0,7
0,"239,4",48,1.629,1599140700.0,7
0,"239,4",48,1.629,1599141780.0,7
0,"239,4",48,1.629,1599142740.0,7
0,"239,4",48,1.629,1599143700.0,7
0,"239,4",48,1.629,1599144540.0,7
0,"239,4",48,1.629,1599145200.0,7
0,"239,4",48,1.629,1599146100.0,7
0,"246,1",49,1.674,1599147000.0,7
0,"246,1",49,1.674,1599147900.0,7
0,"246,1",49,1.674,1599148860.0,7
0,"246,1",49,1.674,1599149700.0,7
0,"246,1",49,1.674,1599150660.0,7
0,"246,1",49,1.674,1599151500.0,7
0,"246,1",49,1.674,1599152640.0,7
0,"246,1",49,1.674,1599153300.0,7
0,"269,0",50,1.830,1599154200.0,7
0,"269,0",50,1.830,1599155220.0,7
0,"269,0",50,1.830,1599156000.0,7
0,"269,0",50,1.830,1599156900.0,7
0,"269,0",50,1.830,1599157800.0,7
0,"269,0",50,1.830,1599158700.0,7
0,"269,0",50,1.830,1599159600.0,7
0,"269,0",50,1.830,1599160500.0,7
0,"363,1",53,2.470,1599161400.0,7
0,"363,1",53,2.470,1599162300.0,7
0,"363,1",53,2.470,1599163200.0,7
0,"363,1",53,2.470,1599164100.0,7
0,"363,1",53,2.470,1599165000.0,7
0,"363,1",53,2.470,1599165900.0,7
0,"363,1",53,2.470,1599166800.0,7
0,"363,1",53,2.470,1599167700.0,7
0,"393,2",53,2.675,1599168600.0,7
0,"393,2",53,2.675,1599169500.0,7
0,"393,2",53,2.675,1599170400.0,7
0,"393,2",53,2.675,1599171300.0,7
0,"393,2",53,2.675,1599172200.0,7
0,"393,2",53,2.675,1599173100.0,7
0,"393,2",53,2.675,1599174000.0,7
0,"393,2",53,2.675,1599174900.0,7
0,"401,4",53,2.731,1599175800.0,7
0,"401,4",53,2.731,1599176700.0,7
0,"401,4",53,2.731,1599177600.0,7
0,"401,4",53,2.731,1599178500.0,7
0,"401,4",53,2.731,1599179400.0,7
0,"401,4",53,2.731,1599180300.0,7
0,"401,4",53,2.731,1599181200.0,7
0,"401,4",53,2.731,1599182100.0,7
0,"403,5",53,2.745,1599183000.0,7
0,"403,5",53,2.745,1599183900.0,7
0,"403,5",53,2.745,1599184800.0,7
0,"403,5",53,2.745,1599185700.0,7
0,"403,5",53,2.745,1599186600.0,7
0,"403,5",53,2.745,1599187500.0,7
0,"403,5",53,2.745,1599188400.0,7
0,"403,5",53,2.745,1599189300.0,7
0,"403,5",53,2.745,1599190200.0,7
0,"403,5",53,2.745,1599191100.0,7
0,"403,5",53,2.745,1599192000.0,7
0,"403,5",53,2.745,1599192900.0,7
0,"403,5",53,2.745,1599193800.0,7
0,"403,5",53,2.745,1599194700.0,7
0,"403,5",53,2.745,1599195600.0,7
0,"403,5",53,2.745,1599196500.0,7
0,"403,6",53,2.746,1599197400.0,7
0,"403,6",53,2.746,1599198300.0,7
0,"403,6",53,2.746,1599199200.0,7
0,"403,6",53,2.746,1599200100.0,7
0,"403,6",53,2.746,1599201060.0,7
0,"403,6",53,2.746,1599201900.0,7
0,"403,6",53,2.746,1599202800.0,7
0,"403,6",53,2.746,1599203700.0,7
0,"406,1",54,2.762,1599204660.0,7
0,"406,1",54,2.762,1599205500.0,7
0,"406,1",54,2.762,1599206400.0,7
0,"406,1",54,2.762,1599207300.0,7
0,"406,1",54,2.762,1599208200.0,7
0,"406,1",54,2.762,1599209100.0,7
0,"406,1",54,2.762,1599210000.0,7
0,"406,1",54,2.762,1599210900.0,7
0,"426,1",56,2.899,1599211800.0,7
0,"426,1",56,2.899,1599212700.0,7
0,"426,1",56,2.899,1599213600.0,7
0,"426,1",56,2.899,1599214500.0,7
0,"426,1",56,2.899,1599215400.0,7
0,"426,1",56,2.899,1599216300.0,7
0,"426,1",56,2.899,1599217200.0,7
0,"426,1",56,2.899,1599218100.0,7
0,"442,3",57,3.009,1599219180.0,7
0,"442,3",57,3.009,1599219900.0,7
0,"442,3",57,3.009,1599220800.0,7
0,"442,3",57,3.009,1599221700.0,7
0,"442,3",57,3.009,1599222600.0,7
0,"442,3",57,3.009,1599223500.0,7
0,"442,3",57,3.009,1599224400.0,7
0,"442,3",57,3.009,1599225300.0,7
0,"443,2",57,3.015,1599226200.0,7
0,"443,2",57,3.015,1599227100.0,7
0,"443,2",57,3.015,1599228000.0,7
0,"443,2",57,3.015,1599228900.0,7
0,"443,2",57,3.015,1599229800.0,7
0,"443,2",57,3.015,1599230700.0,7
0,"443,2",57,3.015,1599231600.0,7
0,"443,2",57,3.015,1599232500.0,7
0,"456,7",57,3.107,1599233400.0,7
0,"456,7",57,3.107,1599234300.0,7
0,"456,7",57,3.107,1599235200.0,7
0,"456,7",57,3.107,1599236100.0,7
0,"456,7",57,3.107,1599237000.0,7
0,"456,7",57,3.107,1599237900.0,7
0,"456,7",57,3.107,1599238800.0,7
0,"456,7",57,3.107,1599239700.0,7
0,"462,8",58,3.148,1599240600.0,7
0,"462,8",58,3.148,1599241500.0,7
0,"462,8",58,3.148,1599242400.0,7
0,"462,8",58,3.148,1599243300.0,7
0,"462,8",58,3.148,1599244200.0,7
0,"462,8",58,3.148,1599245100.0,7
0,"462,8",58,3.148,1599246000.0,7
0,"462,8",58,3.148,1599246900.0,7
0,"513,2",60,3.491,1599247800.0,7
0,"513,2",60,3.491,1599248700.0,7
0,"513,2",60,3.491,1599249600.0,7
0,"513,2",60,3.491,1599250500.0,7
0,"513,2",60,3.491,1599251400.0,7
0,"513,2",60,3.491,1599252300.0,7
0,"513,2",60,3.491,1599253200.0,7
0,"513,2",60,3.491,1599254100.0,7
0,"542,3",60,3.689,1599255000.0,7
0,"542,3",60,3.689,1599255900.0,7
0,"542,3",60,3.689,1599256800.0,7
0,"542,3",60,3.689,1599257700.0,7
0,"542,3",60,3.689,1599258600.0,7
0,"542,3",60,3.689,1599259500.0,7
0,"542,3",60,3.689,1599260400.0,7
0,"542,3",60,3.689,1599261300.0,7
0,"556,5",62,3.786,1599262200.0,7
0,"556,5",62,3.786,1599263100.0,7
0,"556,5",62,3.786,1599264000.0,7
0,"556,5",62,3.786,1599264900.0,7
0,"556,5",62,3.786,1599265800.0,7
0,"556,5",62,3.786,1599266700.0,7
0,"556,5",62,3.786,1599267600.0,7
0,"556,5",62,3.786,1599268500.0,7
0,"579,1",62,3.939,1599269400.0,7
0,"579,1",62,3.939,1599270300.0,7
0,"579,1",62,3.939,1599271200.0,7
0,"579,1",62,3.939,1599272100.0,7
0,"579,1",62,3.939,1599273000.0,7
0,"579,1",62,3.939,1599273900.0,7
0,"579,1",62,3.939,1599274800.0,7
0,"579,1",62,3.939,1599275700.0,7
0,"579,1",62,3.939,1599276600.0,7
0,"579,1",62,3.939,1599277500.0,7
0,"579,1",62,3.939,1599278400.0,7
0,"579,1",62,3.939,1599279300.0,7
0,"579,1",62,3.939,1599280200.0,7
0,"579,1",62,3.939,1599281100.0,7
0,"579,1",62,3.939,1599282000.0,7
0,"579,1",62,3.939,1599282900.0,7
0,"579,1",62,3.939,1599283800.0,7
0,"579,1",62,3.939,1599284700.0,7
0,"579,1",62,3.939,1599285600.0,7
0,"579,1",62,3.939,1599286500.0,7
0,"579,1",62,3.939,1599287400.0,7
0,"579,1",62,3.939,1599288300.0,7
0,"579,1",62,3.939,1599289200.0,7
0,"579,1",62,3.939,1599290100.0,7
0,"586,4",62,3.989,1599291000.0,7
0,"586,4",62,3.989,1599291900.0,7
0,"586,4",62,3.989,1599292800.0,7
0,"586,4",62,3.989,1599293700.0,7
0,"586,4",62,3.989,1599294600.0,7
0,"586,4",62,3.989,1599295500.0,7
0,"586,4",62,3.989,1599296400.0,7
0,"586,4",62,3.989,1599297300.0,7
0,"605,8",62,4.121,1599298200.0,7
0,"605,8",62,4.121,1599299100.0,7
0,"605,8",62,4.121,1599300000.0,7
0,"605,8",62,4.121,1599300900.0,7
0,"605,8",62,4.121,1599301800.0,7
0,"605,8",62,4.121,1599302700.0,7
0,"605,8",62,4.121,1599303600.0,7
0,"605,8",62,4.121,1599304500.0,7
0,"620,9",63,4.224,1599305400.0,7
0,"620,9",63,4.224,1599306300.0,7
0,"620,9",63,4.224,1599307200.0,7
0,"620,9",63,4.224,1599308100.0,7
0,"620,9",63,4.224,1599309000.0,7
0,"620,9",63,4.224,1599309900.0,7
0,"620,9",63,4.224,1599310800.0,7
0,"620,9",63,4.224,1599311700.0,7
0,"626,9",63,4.265,1599312600.0,7
0,"626,9",63,4.265,1599313500.0,7
0,"626,9",63,4.265,1599314400.0,7
0,"626,9",63,4.265,1599315300.0,7
0,"626,9",63,4.265,1599316200.0,7
0,"626,9",63,4.265,1599317100.0,7
0,"626,9",63,4.265,1599318000.0,7
0,"626,9",63,4.265,1599318900.0,7
0,"626,4",63,4.262,1599319800.0,7
0,"626,4",63,4.262,1599320700.0,7
0,"626,4",63,4.262,1599321600.0,7
0,"626,4",63,4.262,1599322500.0,7
0,"626,4",63,4.262,1599323400.0,7
0,"626,4",63,4.262,1599324300.0,7
0,"626,4",63,4.262,1599325200.0,7
0,"626,4",63,4.262,1599326100.0,7
0,"665,2",63,4.525,1599327000.0,7
0,"665,2",63,4.525,1599327900.0,7
0,"665,2",63,4.525,1599328800.0,7
0,"665,2",63,4.525,1599329700.0,7
0,"665,2",63,4.525,1599330600.0,7
0,"665,2",63,4.525,1599331500.0,7
0,"665,2",63,4.525,1599332400.0,7
0,"665,2",63,4.525,1599333300.0,7
0,"787,7",64,5.358,1599334200.0,6
0,"787,7",64,5.358,1599335100.0,6
0,"787,7",64,5.358,1599336000.0,6
0,"787,7",64,5.358,1599336900.0,6
0,"787,7",64,5.358,1599337800.0,6
0,"787,7",64,5.358,1599338700.0,6
0,"787,7",64,5.358,1599339600.0,6
0,"787,7",64,5.358,1599340500.0,6
0,"872,9",64,5.938,1599341400.0,6
0,"872,9",64,5.938,1599342300.0,6
0,"872,9",64,5.938,1599343200.0,6
0,"872,9",64,5.938,1599344100.0,6
0,"872,9",64,5.938,1599345000.0,6
0,"872,9",64,5.938,1599345900.0,6
0,"872,9",64,5.938,1599346800.0,6
0,"872,9",64,5.938,1599347700.0,6
0,"879,1",64,5.980,1599348600.0,6
0,"879,1",64,5.980,1599349500.0,6
0,"879,1",64,5.980,1599350400.0,6
0,"879,1",64,5.980,1599351300.0,6
0,"879,1",64,5.980,1599352200.0,6
0,"879,1",64,5.980,1599353100.0,6
0,"879,1",64,5.980,1599354000.0,6
0,"879,1",64,5.980,1599354900.0,6
0,"879,1",64,5.980,1599355800.0,6
0,"879,1",64,5.980,1599356700.0,6
0,"879,1",64,5.980,1599357600.0,6
0,"879,1",64,5.980,1599358500.0,6
0,"879,1",64,5.980,1599359400.0,6
0,"879,1",64,5.980,1599360300.0,6
0,"879,1",64,5.980,1599361200.0,6
0,"879,1",64,5.980,1599362100.0,6
0,"879,1",64,5.980,1599363000.0,6
0,"879,1",64,5.980,1599363900.0,6
0,"879,1",64,5.980,1599364800.0,6
0,"879,1",64,5.980,1599365760.0,6
0,"879,1",64,5.980,1599366600.0,6
0,"879,1",64,5.980,1599367500.0,6
0,"879,1",64,5.980,1599368400.0,6
0,"879,1",64,5.980,1599369300.0,6
0,"879,1",64,5.980,1599370200.0,6
0,"879,1",64,5.980,1599371100.0,6
0,"879,1",64,5.980,1599372000.0,6
0,"879,1",64,5.980,1599372900.0,6
0,"879,1",64,5.980,1599373800.0,6
0,"879,1",64,5.980,1599374700.0,6
0,"879,1",64,5.980,1599375600.0,6
0,"879,1",64,5.980,1599376500.0,6
0,"879,1",64,5.980,1599377400.0,6
0,"879,1",64,5.980,1599378300.0,6
0,"879,1",64,5.980,1599379200.0,6
0,"879,1",64,5.980,1599380100.0,6
0,"879,1",64,5.980,1599381000.0,6
0,"879,1",64,5.980,1599381900.0,6
0,"879,1",64,5.980,1599382800.0,6
0,"879,1",64,5.980,1599383700.0,6
0,"937,1",65,6.375,1599384600.0,6
0,"937,1",65,6.375,1599385500.0,6
0,"937,1",65,6.375,1599386400.0,6
0,"937,1",65,6.375,1599387300.0,6
0,"937,1",65,6.375,1599388260.0,6
0,"937,1",65,6.375,1599389100.0,6
0,"937,1",65,6.375,1599390000.0,6
0,"937,1",65,6.375,1599390960.0,6
0,"943,8",66,6.420,1599391800.0,6
0,"943,8",66,6.420,1599392820.0,6
0,"943,8",66,6.420,1599393600.0,6
0,"943,8",66,6.420,1599394500.0,6
0,"943,8",66,6.420,1599395400.0,6
0,"943,8",66,6.420,1599396300.0,6
0,"943,8",66,6.420,1599397200.0,6
0,"943,8",66,6.420,1599398100.0,6
0,"967,1",66,6.579,1599399000.0,6
0,"967,1",66,6.579,1599399900.0,6
0,"967,1",66,6.579,1599400800.0,6
0,"967,1",66,6.579,1599401760.0,6
0,"967,1",66,6.579,1599402720.0,6
0,"967,1",66,6.579,1599403500.0,6
0,"967,1",66,6.579,1599404400.0,6
0,"967,1",66,6.579,1599405420.0,6
0,"972,1",66,6.613,1599406200.0,6
0,"972,1",66,6.613,1599407100.0,6
0,"972,1",66,6.613,1599408060.0,6
0,"972,1",66,6.613,1599408900.0,6
0,"972,1",66,6.613,1599409800.0,6
0,"972,1",66,6.613,1599410700.0,6
0,"972,1",66,6.613,1599411660.0,6
0,"972,1",66,6.613,1599412500.0,6
0,"1.011,2",67,6.879,1599413940.0,6
0,"1.011,2",67,6.879,1599414300.0,6
0,"1.011,2",67,6.879,1599415200.0,6
0,"1.011,2",67,6.879,1599416160.0,6
0,"1.011,2",67,6.879,1599417060.0,6
0,"1.011,2",67,6.879,1599418020.0,6
0,"1.011,2",67,6.879,1599418800.0,6
0,"1.011,2",67,6.879,1599419700.0,6
0,"1.040,4",69,7.078,1599420600.0,6
0,"1.040,4",69,7.078,1599421500.0,6
0,"1.040,4",69,7.078,1599422400.0,6
0,"1.040,4",69,7.078,1599423300.0,6
0,"1.040,4",69,7.078,1599424200.0,6
0,"1.040,4",69,7.078,1599425100.0,6
0,"1.040,4",69,7.078,1599426000.0,6
0,"1.040,4",69,7.078,1599426900.0,6
0,"1.155,3",70,7.859,1599427800.0,6
0,"1.155,3",70,7.859,1599428700.0,6
0,"1.155,3",70,7.859,1599429600.0,6
0,"1.155,3",70,7.859,1599430500.0,6
0,"1.155,3",70,7.859,1599431400.0,6
0,"1.155,3",70,7.859,1599432300.0,6
0,"1.155,3",70,7.859,1599433200.0,6
0,"1.155,3",70,7.859,1599434100.0,6
0,"1.176,2",70,8.002,1599435000.0,6
0,"1.176,2",70,8.002,1599435900.0,6
0,"1.176,2",70,8.002,1599436800.0,6
0,"1.176,2",70,8.002,1599437700.0,6
0,"1.176,2",70,8.002,1599438600.0,6
0,"1.176,2",70,8.002,1599439500.0,6
0,"1.176,2",70,8.002,1599440400.0,6
0,"1.176,2",70,8.002,1599441300.0,6
0,"1.176,2",70,8.002,1599442200.0,6
0,"1.176,2",70,8.002,1599443100.0,6
0,"1.176,2",70,8.002,1599444000.0,6
0,"1.176,2",70,8.002,1599444900.0,6
0,"1.176,2",70,8.002,1599445800.0,6
0,"1.176,2",70,8.002,1599446700.0,6
0,"1.176,2",70,8.002,1599447600.0,6
0,"1.176,2",70,8.002,1599448500.0,6
0,"1.176,2",70,8.002,1599449400.0,6
0,"1.176,2",70,8.002,1599450300.0,6
0,"1.176,2",70,8.002,1599451200.0,6
0,"1.176,2",70,8.002,1599452100.0,6
0,"1.176,2",70,8.002,1599453000.0,6
0,"1.176,2",70,8.002,1599453900.0,6
0,"1.176,2",70,8.002,1599454800.0,6
0,"1.176,2",70,8.002,1599455700.0,6
0,"1.183,1",70,8.049,1599456600.0,6
0,"1.183,1",70,8.049,1599457560.0,6
0,"1.183,1",70,8.049,1599458520.0,6
0,"1.183,1",70,8.049,1599459300.0,6
0,"1.183,1",70,8.049,1599460200.0,6
0,"1.183,1",70,8.049,1599461340.0,6
0,"1.183,1",70,8.049,1599462180.0,6
0,"1.183,1",70,8.049,1599463080.0,6
0,"1.183,1",70,8.049,1599464040.0,6
0,"1.183,1",70,8.049,1599464940.0,6
0,"1.189,6",70,8.093,1599465600.0,6
0,"1.189,6",70,8.093,1599466500.0,6
0,"1.189,6",70,8.093,1599467580.0,6
0,"1.189,6",70,8.093,1599468300.0,6
0,"1.189,6",70,8.093,1599469260.0,6
0,"1.189,6",70,8.093,1599470100.0,6
0,"1.189,6",70,8.093,1599471120.0,6
0,"1.189,6",70,8.093,1599471900.0,6
0,"1.198,3",71,8.152,1599472920.0,6
0,"1.198,3",71,8.152,1599474000.0,6
0,"1.198,3",71,8.152,1599474600.0,6
0,"1.198,3",71,8.152,1599475500.0,6
0,"1.198,3",71,8.152,1599476400.0,6
0,"1.198,3",71,8.152,1599477300.0,6
0,"1.198,3",71,8.152,1599479100.0,6
0,"1.226,2",72,8.341,1599480120.0,6
0,"1.226,2",72,8.341,1599481020.0,6
0,"1.226,2",72,8.341,1599481980.0,6
0,"1.226,2",72,8.341,1599482700.0,6
0,"1.226,2",72,8.341,1599483600.0,6
0,"1.226,2",72,8.341,1599484620.0,6
0,"1.226,2",72,8.341,1599485520.0,6
0,"1.226,2",72,8.341,1599486360.0,6
0,"1.226,2",72,8.341,1599487440.0,6
0,"1.260,5",73,8.575,1599488100.0,6
0,"1.260,5",73,8.575,1599489000.0,6
0,"1.260,5",73,8.575,1599489900.0,6
0,"1.260,5",73,8.575,1599490860.0,6
0,"1.260,5",73,8.575,1599491760.0,6
0,"1.260,5",73,8.575,1599492720.0,6
0,"1.260,5",73,8.575,1599493500.0,6
0,"1.260,5",73,8.575,1599494400.0,6
0,"1.307,4",73,8.894,1599495600.0,6
0,"1.307,4",73,8.894,1599496260.0,6
0,"1.307,4",73,8.894,1599497160.0,6
0,"1.307,4",73,8.894,1599498060.0,6
0,"1.307,4",73,8.894,1599500700.0,6
0,"1.307,4",73,8.894,1599501900.0,6
0,"1.335,6",73,9.086,1599502860.0,6
0,"1.335,6",73,9.086,1599503400.0,6
0,"1.335,6",73,9.086,1599504360.0,6
0,"1.335,6",73,9.086,1599505200.0,6
0,"1.335,6",73,9.086,1599506100.0,6
0,"1.335,6",73,9.086,1599507420.0,6
0,"1.335,6",73,9.086,1599507960.0,6
0,"1.335,6",73,9.086,1599508800.0,6
0,"1.375,2",73,9.355,1599509760.0,6
0,"1.375,2",73,9.355,1599510780.0,6
0,"1.375,2",73,9.355,1599511500.0,6
0,"1.375,2",73,9.355,1599512400.0,6
0,"1.375,2",73,9.355,1599513300.0,6
0,"1.375,2",73,9.355,1599514200.0,6
0,"1.375,2",73,9.355,1599515100.0,6
0,"1.375,2",73,9.355,1599516000.0,6
0,"1.453,8",76,9.890,1599516900.0,6
0,"1.453,8",76,9.890,1599517800.0,6
0,"1.453,8",76,9.890,1599518700.0,6
0,"1.453,8",76,9.890,1599519600.0,6
0,"1.453,8",76,9.890,1599520500.0,6
0,"1.453,8",76,9.890,1599521400.0,6
0,"1.453,8",76,9.890,1599522300.0,6
0,"1.453,8",76,9.890,1599523200.0,6
0,"1.460,0",76,9.932,1599524100.0,6
0,"1.460,0",76,9.932,1599525000.0,6
0,"1.460,0",76,9.932,1599525900.0,6
0,"1.460,0",76,9.932,1599526800.0,6
0,"1.460,0",76,9.932,1599527700.0,6
0,"1.460,0",76,9.932,1599528600.0,6
0,"1.460,0",76,9.932,1599529500.0,6
0,"1.460,0",76,9.932,1599530400.0,6
0,"1.460,0",76,9.932,1599531300.0,6
0,"1.460,0",76,9.932,1599532200.0,6
0,"1.460,0",76,9.932,1599533100.0,6
0,"1.460,0",76,9.932,1599534000.0,6
0,"1.460,0",76,9.932,1599534900.0,6
0,"1.460,0",76,9.932,1599535800.0,6
0,"1.460,0",76,9.932,1599536700.0,6
0,"1.460,0",76,9.932,1599537600.0,6
0,"1.460,0",76,9.932,1599538500.0,6
0,"1.460,0",76,9.932,1599539400.0,6
0,"1.460,0",76,9.932,1599540300.0,6
0,"1.460,0",76,9.932,1599541200.0,6
0,"1.460,0",76,9.932,1599542100.0,6
0,"1.460,0",76,9.932,1599543000.0,6
0,"1.460,0",76,9.932,1599543900.0,6
0,"1.460,0",76,9.932,1599544800.0,6
0,"1.460,0",76,9.932,1599545760.0,6
0,"1.460,0",76,9.932,1599546600.0,6
0,"1.460,0",76,9.932,1599547500.0,6
0,"1.460,0",76,9.932,1599548400.0,6
0,"1.460,0",76,9.932,1599549300.0,6
0,"1.460,0",76,9.932,1599550200.0,6
0,"1.460,0",76,9.932,1599551100.0,6
0,"1.460,0",76,9.932,1599552000.0,6
0,"1.473,1",77,10.021,1599553800.0,6
0,"1.473,1",77,10.021,1599554700.0,6
0,"1.473,1",77,10.021,1599555660.0,6
0,"1.473,1",77,10.021,1599556500.0,6
0,"1.473,1",77,10.021,1599557400.0,6
0,"1.473,1",77,10.021,1599558300.0,6
0,"1.473,1",77,10.021,1599559260.0,6
0,"1.473,1",77,10.021,1599560100.0,6
0,"1.483,5",77,10.092,1599567420.0,6
0,"1.483,5",77,10.092,1599568860.0,6
0,"1.483,5",77,10.092,1599569400.0,6
0,"1.483,5",77,10.092,1599570180.0,6
0,"1.483,5",77,10.092,1599570900.0,6
0,"1.483,5",77,10.092,1599571800.0,6
0,"1.483,5",77,10.092,1599572700.0,6
0,"1.483,5",77,10.092,1599573600.0,6
0,"1.483,5",77,10.092,1599575220.0,6
0,"1.483,5",77,10.092,1599577080.0,6
0,"1.486,4",78,10.112,1599577680.0,6
0,"1.486,4",78,10.112,1599581160.0,6
0,"1.493,5",78,10.160,1599588900.0,6
0,"1.493,5",78,10.160,1599589800.0,6
0,"1.493,5",78,10.160,1599590700.0,6
0,"1.493,5",78,10.160,1599591600.0,6
0,"1.493,5",78,10.160,1599592500.0,6
0,"1.493,5",78,10.160,1599593400.0,6
0,"1.493,5",78,10.160,1599594300.0,6
0,"1.493,5",78,10.160,1599595200.0,6
0,"1.510,6",78,10.276,1599596100.0,6
0,"1.510,6",78,10.276,1599597000.0,6
0,"1.510,6",78,10.276,1599597900.0,6
0,"1.510,6",78,10.276,1599598800.0,6
0,"1.510,6",78,10.276,1599599700.0,6
0,"1.510,6",78,10.276,1599600600.0,6
0,"1.510,6",78,10.276,1599601500.0,6
0,"1.510,6",78,10.276,1599602400.0,6
0,"1.595,2",78,10.851,1599603300.0,6
0,"1.595,2",78,10.851,1599604200.0,6
0,"1.595,2",78,10.851,1599605100.0,6
0,"1.595,2",78,10.851,1599606000.0,6
0,"1.595,2",78,10.851,1599606900.0,6
0,"1.595,2",78,10.851,1599607800.0,6
0,"1.595,2",78,10.851,1599608700.0,6
0,"1.595,2",78,10.851,1599609600.0,6
0,"1.597,2",78,10.865,1599610500.0,6
0,"1.597,2",78,10.865,1599611400.0,6
0,"1.597,2",78,10.865,1599612300.0,6
0,"1.597,2",78,10.865,1599613200.0,6
0,"1.597,2",78,10.865,1599614100.0,6
0,"1.597,2",78,10.865,1599615000.0,6
0,"1.597,2",78,10.865,1599615900.0,6
0,"1.597,2",78,10.865,1599616800.0,6
0,"1.599,7",78,10.882,1599617700.0,6
0,"1.599,7",78,10.882,1599618600.0,6
0,"1.599,7",78,10.882,1599619500.0,6
0,"1.599,7",78,10.882,1599620400.0,6
0,"1.599,7",78,10.882,1599621300.0,6
0,"1.599,7",78,10.882,1599622200.0,6
0,"1.599,7",78,10.882,1599623100.0,6
0,"1.599,7",78,10.882,1599624000.0,6
0,"1.599,7",78,10.882,1599624900.0,7
0,"1.599,7",78,10.882,1599625800.0,7
0,"1.599,7",78,10.882,1599626700.0,7
0,"1.599,7",78,10.882,1599627600.0,7
0,"1.599,7",78,10.882,1599628500.0,7
0,"1.599,7",78,10.882,1599629400.0,7
0,"1.599,7",78,10.882,1599630300.0,7
0,"1.599,7",78,10.882,1599631200.0,7
0,"1.605,5",78,10.922,1599632100.0,7
0,"1.605,5",78,10.922,1599633000.0,7
0,"1.605,5",78,10.922,1599633900.0,7
0,"1.605,5",78,10.922,1599634800.0,7
0,"1.605,5",78,10.922,1599635700.0,7
0,"1.605,5",78,10.922,1599636600.0,7
0,"1.605,5",78,10.922,1599637500.0,7
0,"1.605,5",78,10.922,1599638400.0,7
0,"1.618,6",78,11.011,1599639300.0,7
0,"1.618,6",78,11.011,1599640200.0,7
0,"1.618,6",78,11.011,1599641100.0,7
0,"1.618,6",78,11.011,1599642000.0,7
0,"1.618,6",78,11.011,1599642900.0,7
0,"1.618,6",78,11.011,1599643800.0,7
0,"1.618,6",78,11.011,1599644700.0,7
0,"1.618,6",78,11.011,1599645600.0,7
0,"1.654,9",78,11.258,1599646500.0,7
0,"1.654,9",78,11.258,1599647400.0,7
0,"1.654,9",78,11.258,1599648300.0,7
0,"1.654,9",78,11.258,1599649200.0,7
0,"1.654,9",78,11.258,1599650100.0,7
0,"1.654,9",78,11.258,1599651000.0,7
0,"1.654,9",78,11.258,1599651900.0,7
0,"1.654,9",78,11.258,1599652800.0,7
0,"1.667,8",78,11.346,1599653700.0,7
0,"1.667,8",78,11.346,1599654600.0,7
0,"1.667,8",78,11.346,1599655500.0,7
0,"1.667,8",78,11.346,1599656400.0,7
0,"1.667,8",78,11.346,1599657300.0,7
0,"1.667,8",78,11.346,1599658200.0,7
0,"1.667,8",78,11.346,1599659100.0,7
0,"1.667,8",78,11.346,1599660000.0,7
0,"1.692,7",78,11.515,1599660900.0,7
0,"1.692,7",78,11.515,1599661800.0,7
0,"1.692,7",78,11.515,1599662700.0,7
0,"1.692,7",78,11.515,1599663600.0,7
0,"1.692,7",78,11.515,1599664500.0,7
0,"1.692,7",78,11.515,1599665400.0,7
0,"1.692,7",78,11.515,1599666300.0,7
0,"1.692,7",78,11.515,1599667200.0,7
0,"1.733,3",78,11.791,1599668100.0,7
0,"1.733,3",78,11.791,1599669000.0,7
0,"1.733,3",78,11.791,1599669900.0,7
0,"1.733,3",78,11.791,1599670800.0,7
0,"1.733,3",78,11.791,1599671700.0,7
0,"1.733,3",78,11.791,1599672600.0,7
0,"1.733,3",78,11.791,1599673500.0,7
0,"1.733,3",78,11.791,1599674400.0,7
0,"1.779,8",79,12.108,1599675300.0,7
0,"1.779,8",79,12.108,1599676200.0,7
0,"1.779,8",79,12.108,1599677100.0,7
0,"1.779,8",79,12.108,1599678000.0,7
0,"1.779,8",79,12.108,1599678900.0,7
0,"1.779,8",79,12.108,1599679800.0,7
0,"1.779,8",79,12.108,1599680700.0,7
0,"1.779,8",79,12.108,1599681600.0,7
0,"1.817,8",79,12.366,1599682500.0,7
0,"1.817,8",79,12.366,1599683400.0,7
0,"1.817,8",79,12.366,1599684300.0,7
0,"1.817,8",79,12.366,1599685200.0,7
0,"1.817,8",79,12.366,1599686100.0,7
0,"1.817,8",79,12.366,1599687000.0,7
0,"1.817,8",79,12.366,1599687900.0,7
0,"1.817,8",79,12.366,1599688800.0,7
0,"1.843,5",79,12.541,1599689700.0,7
0,"1.843,5",79,12.541,1599690600.0,7
0,"1.843,5",79,12.541,1599691500.0,7
0,"1.843,5",79,12.541,1599692400.0,7
0,"1.843,5",79,12.541,1599693300.0,7
0,"1.843,5",79,12.541,1599694200.0,7
0,"1.843,5",79,12.541,1599695100.0,7
0,"1.843,5",79,12.541,1599696000.0,7
0,"1.846,2",79,12.559,1599696900.0,7
0,"1.846,2",79,12.559,1599697800.0,7
0,"1.846,2",79,12.559,1599698700.0,7
0,"1.846,2",79,12.559,1599699600.0,7
0,"1.846,2",79,12.559,1599700500.0,7
0,"1.846,2",79,12.559,1599701400.0,7
0,"1.846,2",79,12.559,1599702300.0,7
0,"1.846,2",79,12.559,1599703200.0,7
0,"1.846,2",79,12.559,1599704100.0,7
0,"1.846,2",79,12.559,1599705000.0,7
0,"1.846,2",79,12.559,1599705900.0,7
0,"1.846,2",79,12.559,1599706800.0,7
0,"1.846,2",79,12.559,1599707700.0,7
0,"1.846,2",79,12.559,1599708600.0,7
0,"1.846,2",79,12.559,1599709500.0,7
0,"1.846,2",79,12.559,1599710400.0,7
0,"1.846,2",79,12.559,1599711300.0,7
0,"1.846,2",79,12.559,1599712200.0,7
0,"1.846,2",79,12.559,1599713100.0,7
0,"1.846,2",79,12.559,1599714000.0,7
0,"1.846,2",79,12.559,1599714900.0,7
0,"1.846,2",79,12.559,1599715800.0,7
0,"1.846,2",79,12.559,1599716700.0,7
0,"1.846,2",79,12.559,1599717600.0,7
0,"1.846,2",79,12.559,1599718500.0,7
0,"1.846,2",79,12.559,1599719400.0,7
0,"1.846,2",79,12.559,1599720300.0,7
0,"1.846,2",79,12.559,1599721200.0,7
0,"1.846,2",79,12.559,1599722100.0,7
0,"1.846,2",79,12.559,1599723000.0,7
0,"1.846,2",79,12.559,1599723900.0,7
0,"1.846,2",79,12.559,1599724800.0,7
0,"1.865,4",79,12.690,1599725700.0,7
0,"1.865,4",79,12.690,1599726600.0,7
0,"1.865,4",79,12.690,1599727500.0,7
0,"1.865,4",79,12.690,1599728400.0,7
0,"1.865,4",79,12.690,1599729300.0,7
0,"1.865,4",79,12.690,1599730200.0,7
0,"1.865,4",79,12.690,1599731100.0,7
0,"1.865,4",79,12.690,1599732000.0,7
0,"1.940,5",80,13.201,1599732900.0,7
0,"1.940,5",80,13.201,1599733800.0,7
0,"1.940,5",80,13.201,1599734700.0,7
0,"1.940,5",80,13.201,1599735600.0,7
0,"1.940,5",80,13.201,1599736500.0,7
0,"1.940,5",80,13.201,1599737400.0,7
0,"1.940,5",80,13.201,1599738300.0,7
0,"1.940,5",80,13.201,1599739200.0,7
0,"1.948,4",80,13.254,1599740100.0,7
0,"1.948,4",80,13.254,1599741000.0,7
0,"1.948,4",80,13.254,1599741900.0,7
0,"1.948,4",80,13.254,1599742800.0,7
0,"1.948,4",80,13.254,1599743700.0,7
0,"1.948,4",80,13.254,1599744600.0,7
0,"1.948,4",80,13.254,1599745500.0,7
0,"1.948,4",80,13.254,1599746400.0,7
0,"1.974,3",80,13.430,1599747300.0,7
0,"1.974,3",80,13.430,1599748200.0,7
0,"1.974,3",80,13.430,1599749100.0,7
0,"1.974,3",80,13.430,1599750000.0,7
0,"1.974,3",80,13.430,1599750900.0,7
0,"1.974,3",80,13.430,1599751800.0,7
0,"1.974,3",80,13.430,1599752700.0,7
0,"1.974,3",80,13.430,1599753600.0,7
0,"1.974,3",80,13.430,1599754500.0,7
0,"1.974,3",80,13.430,1599755400.0,7
0,"1.974,3",80,13.430,1599756300.0,7
0,"1.974,3",80,13.430,1599757200.0,7
0,"1.974,3",80,13.430,1599758100.0,7
0,"1.974,3",80,13.430,1599759000.0,7
0,"1.974,3",80,13.430,1599759900.0,7
0,"1.974,3",80,13.430,1599760800.0,7
0,"1.974,3",80,13.430,1599761700.0,7
0,"1.974,3",80,13.430,1599762600.0,7
0,"1.974,3",80,13.430,1599763500.0,7
0,"1.974,3",80,13.430,1599764400.0,7
0,"1.974,3",80,13.430,1599765300.0,7
0,"1.974,3",80,13.430,1599766200.0,7
0,"1.974,3",80,13.430,1599767100.0,7
0,"1.974,3",80,13.430,1599768000.0,7
0,"1.974,3",80,13.430,1599768900.0,7
0,"1.974,3",80,13.430,1599769800.0,7
0,"1.974,3",80,13.430,1599770700.0,7
0,"1.974,3",80,13.430,1599771600.0,7
0,"1.974,3",80,13.430,1599772500.0,7
0,"1.974,3",80,13.430,1599773400.0,7
0,"1.974,3",80,13.430,1599774300.0,7
0,"1.974,3",80,13.430,1599775200.0,7
0,"1.974,3",80,13.430,1599776100.0,7
0,"1.974,3",80,13.430,1599777000.0,7
0,"1.974,3",80,13.430,1599777900.0,7
0,"1.974,3",80,13.430,1599778800.0,7
0,"1.974,3",80,13.430,1599779700.0,7
0,"1.974,3",80,13.430,1599780600.0,7
0,"1.974,3",80,13.430,1599781740.0,7
0,"1.974,3",80,13.430,1599782400.0,7
0,"1.974,3",80,13.430,1599783300.0,7
0,"1.974,3",80,13.430,1599784200.0,7
0,"1.974,3",80,13.430,1599785100.0,7
0,"1.974,3",80,13.430,1599786000.0,7
0,"1.974,3",80,13.430,1599786900.0,7
0,"1.974,3",80,13.430,1599787800.0,7
0,"1.974,3",80,13.430,1599788700.0,7
0,"1.974,3",80,13.430,1599789600.0,7
0,"1.974,3",80,13.430,1599790500.0,7
0,"2.071,4",80,14.091,1599791400.0,7
0,"2.071,4",80,14.091,1599792300.0,7
0,"2.071,4",80,14.091,1599793200.0,7
0,"2.071,4",80,14.091,1599794100.0,7
0,"2.071,4",80,14.091,1599795000.0,7
0,"2.071,4",80,14.091,1599795900.0,7
0,"2.071,4",80,14.091,1599796800.0,7
0,"2.071,4",80,14.091,1599797700.0,7
0,"2.071,4",80,14.091,1599798600.0,7
0,"2.071,4",80,14.091,1599799500.0,7
0,"2.071,4",80,14.091,1599800400.0,7
0,"2.071,4",80,14.091,1599801300.0,7
0,"2.071,4",80,14.091,1599802200.0,7
0,"2.071,4",80,14.091,1599803100.0,7
0,"2.071,4",80,14.091,1599804000.0,7
0,"2.071,4",80,14.091,1599804900.0,7
0,"2.071,4",80,14.091,1599805800.0,7
0,"2.071,4",80,14.091,1599806700.0,7
0,"2.071,4",80,14.091,1599807600.0,7
0,"2.071,4",80,14.091,1599808500.0,7
0,"2.071,4",80,14.091,1599809400.0,7
0,"2.071,4",80,14.091,1599810300.0,7
0,"2.071,4",80,14.091,1599811200.0,7
0,"2.071,4",80,14.091,1599812100.0,7
0,"2.071,4",80,14.091,1599813000.0,7
0,"2.071,4",80,14.091,1599813900.0,7
0,"2.071,4",80,14.091,1599814800.0,7
0,"2.071,4",80,14.091,1599815700.0,7
0,"2.071,4",80,14.091,1599816600.0,7
0,"2.071,4",80,14.091,1599817500.0,7
0,"2.071,4",80,14.091,1599818400.0,7
0,"2.071,4",80,14.091,1599819300.0,7
0,"2.071,4",80,14.091,1599820200.0,7
0,"2.071,4",80,14.091,1599821100.0,7
0,"2.071,4",80,14.091,1599822000.0,7
0,"2.071,4",80,14.091,1599822900.0,7
0,"2.071,4",80,14.091,1599823800.0,7
0,"2.071,4",80,14.091,1599824700.0,7
0,"2.071,4",80,14.091,1599825600.0,7
0,"2.071,4",80,14.091,1599826500.0,7
0,"2.071,4",80,14.091,1599827400.0,7
0,"2.071,4",80,14.091,1599828300.0,7
0,"2.071,4",80,14.091,1599829200.0,7
0,"2.071,4",80,14.091,1599830100.0,7
0,"2.071,4",80,14.091,1599831000.0,7
0,"2.071,4",80,14.091,1599831900.0,7
0,"2.071,4",80,14.091,1599832800.0,7
0,"2.071,4",80,14.091,1599833700.0,7
0,"2.071,4",80,14.091,1599834600.0,7
0,"2.071,4",80,14.091,1599835500.0,7
0,"2.071,4",80,14.091,1599836400.0,7
0,"2.071,4",80,14.091,1599837300.0,7
0,"2.071,4",80,14.091,1599838200.0,7
0,"2.071,4",80,14.091,1599839100.0,7
0,"2.071,4",80,14.091,1599840000.0,7
0,"2.071,4",80,14.091,1599840900.0,7
0,"2.071,4",80,14.091,1599841800.0,7
0,"2.071,4",80,14.091,1599842700.0,7
0,"2.071,4",80,14.091,1599843600.0,7
0,"2.071,4",80,14.091,1599844500.0,7
0,"2.071,4",80,14.091,1599845400.0,7
0,"2.071,4",80,14.091,1599846300.0,7
0,"2.071,4",80,14.091,1599847200.0,7
0,"2.071,4",80,14.091,1599848100.0,7
0,"2.071,4",80,14.091,1599849000.0,7
0,"2.071,4",80,14.091,1599849900.0,7
0,"2.071,4",80,14.091,1599850800.0,7
0,"2.071,4",80,14.091,1599851700.0,7
0,"2.071,4",80,14.091,1599852600.0,7
0,"2.071,4",80,14.091,1599853500.0,7
0,"2.071,4",80,14.091,1599854400.0,7
0,"2.071,4",80,14.091,1599855300.0,7
0,"2.071,4",80,14.091,1599856200.0,7
0,"2.071,4",80,14.091,1599857100.0,7
0,"2.071,4",80,14.091,1599858000.0,7
0,"2.071,4",80,14.091,1599858900.0,7
0,"2.071,4",80,14.091,1599859800.0,7
0,"2.071,4",80,14.091,1599860700.0,7
0,"2.071,4",80,14.091,1599861600.0,7
0,"2.071,4",80,14.091,1599862500.0,7
0,"2.071,4",80,14.091,1599863400.0,7
0,"2.071,4",80,14.091,1599864300.0,7
0,"2.071,4",80,14.091,1599865200.0,7
0,"2.071,4",80,14.091,1599866100.0,7
0,"2.071,4",80,14.091,1599867000.0,7
0,"2.071,4",80,14.091,1599867900.0,7
0,"2.071,4",80,14.091,1599868800.0,7
0,"2.071,4",80,14.091,1599869700.0,7
0,"2.071,4",80,14.091,1599870600.0,7
0,"2.071,4",80,14.091,1599871500.0,7
0,"2.071,4",80,14.091,1599872400.0,7
0,"2.071,4",80,14.091,1599873300.0,7
0,"2.071,4",80,14.091,1599874200.0,7
0,"2.071,4",80,14.091,1599875100.0,7
0,"2.071,4",80,14.091,1599876000.0,7
0,"2.071,4",80,14.091,1599876900.0,7
0,"2.071,4",80,14.091,1599877800.0,7
0,"2.287,1",80,15.559,1599878700.0,7
0,"2.287,1",80,15.559,1599879600.0,7
0,"2.287,1",80,15.559,1599880500.0,7
0,"2.287,1",80,15.559,1599881400.0,7
0,"2.287,1",80,15.559,1599882300.0,7
0,"2.287,1",80,15.559,1599883200.0,7
0,"2.287,1",80,15.559,1599884100.0,7
0,"2.287,1",80,15.559,1599885000.0,7
0,"2.287,1",80,15.559,1599885900.0,7
0,"2.287,1",80,15.559,1599886800.0,7
0,"2.287,1",80,15.559,1599887700.0,7
0,"2.287,1",80,15.559,1599888600.0,7
0,"2.287,1",80,15.559,1599889500.0,7
0,"2.287,1",80,15.559,1599890400.0,7
0,"2.287,1",80,15.559,1599891300.0,7
0,"2.287,1",80,15.559,1599892200.0,7
0,"2.287,1",80,15.559,1599893100.0,7
0,"2.287,1",80,15.559,1599894000.0,7
0,"2.287,1",80,15.559,1599894900.0,7
0,"2.287,1",80,15.559,1599895800.0,7
0,"2.287,1",80,15.559,1599896700.0,7
0,"2.287,1",80,15.559,1599897600.0,7
0,"2.287,1",80,15.559,1599898500.0,7
0,"2.287,1",80,15.559,1599899400.0,7
0,"2.287,1",80,15.559,1599900300.0,7
0,"2.287,1",80,15.559,1599901200.0,7
0,"2.287,1",80,15.559,1599902100.0,7
0,"2.287,1",80,15.559,1599903000.0,7
0,"2.287,1",80,15.559,1599903900.0,7
0,"2.287,1",80,15.559,1599904800.0,7
0,"2.287,1",80,15.559,1599905700.0,7
0,"2.287,1",80,15.559,1599906600.0,7
0,"2.287,1",80,15.559,1599907500.0,7
0,"2.287,1",80,15.559,1599908400.0,7
0,"2.287,1",80,15.559,1599909300.0,7
0,"2.287,1",80,15.559,1599910200.0,7
0,"2.287,1",80,15.559,1599911100.0,7
0,"2.287,1",80,15.559,1599912000.0,7
0,"2.287,1",80,15.559,1599912900.0,7
0,"2.287,1",80,15.559,1599913800.0,7
0,"2.287,1",80,15.559,1599914700.0,7
0,"2.287,1",80,15.559,1599915600.0,7
0,"2.287,1",80,15.559,1599916500.0,7
0,"2.287,1",80,15.559,1599917400.0,7
0,"2.287,1",80,15.559,1599918300.0,7
0,"2.287,1",80,15.559,1599919200.0,7
0,"2.287,1",80,15.559,1599920100.0,7
0,"2.287,1",80,15.559,1599921000.0,7
0,"2.287,1",80,15.559,1599921900.0,7
0,"2.287,1",80,15.559,1599922800.0,7
0,"2.287,1",80,15.559,1599923700.0,7
0,"2.287,1",80,15.559,1599924600.0,7
0,"2.287,1",80,15.559,1599925500.0,7
0,"2.287,1",80,15.559,1599926400.0,7
0,"2.287,1",80,15.559,1599927300.0,7
0,"2.287,1",80,15.559,1599928200.0,7
0,"2.287,1",80,15.559,1599929100.0,7
0,"2.287,1",80,15.559,1599930000.0,7
0,"2.287,1",80,15.559,1599930900.0,7
0,"2.287,1",80,15.559,1599931800.0,7
0,"2.287,1",80,15.559,1599932700.0,7
0,"2.287,1",80,15.559,1599933600.0,7
0,"2.287,1",80,15.559,1599934500.0,7
0,"2.287,1",80,15.559,1599935400.0,7
0,"2.287,1",80,15.559,1599936300.0,7
0,"2.287,1",80,15.559,1599937200.0,7
0,"2.287,1",80,15.559,1599938100.0,7
0,"2.287,1",80,15.559,1599939000.0,7
0,"2.287,1",80,15.559,1599939900.0,7
0,"2.287,1",80,15.559,1599940800.0,7
0,"2.287,1",80,15.559,1599941700.0,7
0,"2.287,1",80,15.559,1599942600.0,7
0,"2.287,1",80,15.559,1599943500.0,7
0,"2.287,1",80,15.559,1599944400.0,7
0,"2.287,1",80,15.559,1599945300.0,7
0,"2.287,1",80,15.559,1599946200.0,7
0,"2.287,1",80,15.559,1599947100.0,7
0,"2.287,1",80,15.559,1599948000.0,7
0,"2.287,1",80,15.559,1599948900.0,7
0,"2.287,1",80,15.559,1599949800.0,7
0,"2.287,1",80,15.559,1599950700.0,7
0,"2.287,1",80,15.559,1599951600.0,7
0,"2.287,1",80,15.559,1599952500.0,7
0,"2.287,1",80,15.559,1599953400.0,7
0,"2.287,1",80,15.559,1599954300.0,7
0,"2.287,1",80,15.559,1599955200.0,7
0,"2.287,1",80,15.559,1599956100.0,7
0,"2.287,1",80,15.559,1599957000.0,7
0,"2.287,1",80,15.559,1599957900.0,7
0,"2.287,1",80,15.559,1599958800.0,7
0,"2.287,1",80,15.559,1599959700.0,7
0,"2.287,1",80,15.559,1599960600.0,7
0,"2.287,1",80,15.559,1599961500.0,7
0,"2.287,1",80,15.559,1599962400.0,7
0,"2.287,1",80,15.559,1599963300.0,7
0,"2.287,1",80,15.559,1599964200.0,7
0,"2.287,1",80,15.559,1599965100.0,7
0,"2.504,9",80,17.040,1599966000.0,7
0,"2.504,9",80,17.040,1599966900.0,7
0,"2.504,9",80,17.040,1599967800.0,7
0,"2.504,9",80,17.040,1599968700.0,7
0,"2.504,9",80,17.040,1599969600.0,7
0,"2.504,9",80,17.040,1599970500.0,7
0,"2.504,9",80,17.040,1599971400.0,7
0,"2.504,9",80,17.040,1599972300.0,7
0,"2.504,9",80,17.040,1599973200.0,7
0,"2.504,9",80,17.040,1599974100.0,7
0,"2.504,9",80,17.040,1599975000.0,7
0,"2.504,9",80,17.040,1599975900.0,7
0,"2.504,9",80,17.040,1599976800.0,7
0,"2.504,9",80,17.040,1599977700.0,7
0,"2.504,9",80,17.040,1599978600.0,7
0,"2.504,9",80,17.040,1599979500.0,7
0,"2.504,9",80,17.040,1599980400.0,7
0,"2.504,9",80,17.040,1599981300.0,7
0,"2.504,9",80,17.040,1599982200.0,7
0,"2.504,9",80,17.040,1599983100.0,7
0,"2.504,9",80,17.040,1599984000.0,7
0,"2.504,9",80,17.040,1599984900.0,7
0,"2.504,9",80,17.040,1599985800.0,7
0,"2.504,9",80,17.040,1599986700.0,7
0,"2.504,9",80,17.040,1599987600.0,7
0,"2.504,9",80,17.040,1599988500.0,7
0,"2.504,9",80,17.040,1599989400.0,7
0,"2.504,9",80,17.040,1599990300.0,7
0,"2.504,9",80,17.040,1599991200.0,7
0,"2.504,9",80,17.040,1599992100.0,7
0,"2.504,9",80,17.040,1599993000.0,7
0,"2.504,9",80,17.040,1599993900.0,7
0,"2.504,9",80,17.040,1599994800.0,7
0,"2.504,9",80,17.040,1599995700.0,7
0,"2.504,9",80,17.040,1599996600.0,7
0,"2.504,9",80,17.040,1599997500.0,7
0,"2.504,9",80,17.040,1599998400.0,7
0,"2.504,9",80,17.040,1599999300.0,7
0,"2.504,9",80,17.040,1600000200.0,7
0,"2.504,9",80,17.040,1600001100.0,7
0,"2.504,9",80,17.040,1600002000.0,7
0,"2.504,9",80,17.040,1600002900.0,7
0,"2.504,9",80,17.040,1600003800.0,7
0,"2.504,9",80,17.040,1600004700.0,7
0,"2.504,9",80,17.040,1600005600.0,7
0,"2.504,9",80,17.040,1600006500.0,7
0,"2.504,9",80,17.040,1600007400.0,7
0,"2.504,9",80,17.040,1600008300.0,7
0,"2.504,9",80,17.040,1600009200.0,7
0,"2.504,9",80,17.040,1600010100.0,7
0,"2.504,9",80,17.040,1600011000.0,7
0,"2.504,9",80,17.040,1600011900.0,7
0,"2.504,9",80,17.040,1600012800.0,7
0,"2.504,9",80,17.040,1600013700.0,7
0,"2.504,9",80,17.040,1600014600.0,7
0,"2.504,9",80,17.040,1600015500.0,7
0,"2.504,9",80,17.040,1600016400.0,7
0,"2.504,9",80,17.040,1600017300.0,7
0,"2.504,9",80,17.040,1600018200.0,7
0,"2.504,9",80,17.040,1600019100.0,7
0,"2.504,9",80,17.040,1600020000.0,7
0,"2.504,9",80,17.040,1600020900.0,7
0,"2.504,9",80,17.040,1600021800.0,7
0,"2.504,9",80,17.040,1600022700.0,7
0,"2.504,9",80,17.040,1600023600.0,7
0,"2.504,9",80,17.040,1600024500.0,7
0,"2.504,9",80,17.040,1600025400.0,7
0,"2.504,9",80,17.040,1600026300.0,7
0,"2.504,9",80,17.040,1600027200.0,7
0,"2.504,9",80,17.040,1600028100.0,7
0,"2.504,9",80,17.040,1600029000.0,7
0,"2.504,9",80,17.040,1600029900.0,7
0,"2.504,9",80,17.040,1600030800.0,7
0,"2.504,9",80,17.040,1600031700.0,7
0,"2.504,9",80,17.040,1600032600.0,7
0,"2.504,9",80,17.040,1600033500.0,7
0,"2.504,9",80,17.040,1600034400.0,7
0,"2.504,9",80,17.040,1600035300.0,7
0,"2.504,9",80,17.040,1600036200.0,7
0,"2.504,9",80,17.040,1600037100.0,7
0,"2.504,9",80,17.040,1600038000.0,7
0,"2.504,9",80,17.040,1600038900.0,7
0,"2.504,9",80,17.040,1600039800.0,7
0,"2.504,9",80,17.040,1600040700.0,7
0,"2.504,9",80,17.040,1600041600.0,7
0,"2.504,9",80,17.040,1600042500.0,7
0,"2.504,9",80,17.040,1600043400.0,7
0,"2.504,9",80,17.040,1600044300.0,7
0,"2.504,9",80,17.040,1600045200.0,7
0,"2.504,9",80,17.040,1600046100.0,7
0,"2.504,9",80,17.040,1600047000.0,7
0,"2.504,9",80,17.040,1600047900.0,7
0,"2.504,9",80,17.040,1600048800.0,7
0,"2.504,9",80,17.040,1600049700.0,7
0,"2.504,9",80,17.040,1600050600.0,7
0,"2.504,9",80,17.040,1600051500.0,7
0,"2.504,9",80,17.040,1600052400.0,7
0,"2.876,0",82,19.564,1600053300.0,7
0,"2.876,0",82,19.564,1600054200.0,7
0,"2.876,0",82,19.564,1600055100.0,7
0,"2.876,0",82,19.564,1600056000.0,7
0,"2.876,0",82,19.564,1600056900.0,7
0,"2.876,0",82,19.564,1600057800.0,7
0,"2.876,0",82,19.564,1600058700.0,7
0,"2.876,0",82,19.564,1600059600.0,7
0,"2.876,0",82,19.564,1600060500.0,7
0,"2.876,0",82,19.564,1600061400.0,7
0,"2.876,0",82,19.564,1600062300.0,7
0,"2.876,0",82,19.564,1600063200.0,7
0,"2.876,0",82,19.564,1600064100.0,7
0,"2.876,0",82,19.564,1600065000.0,7
0,"2.876,0",82,19.564,1600065900.0,7
0,"2.876,0",82,19.564,1600066800.0,7
0,"2.876,0",82,19.564,1600067700.0,7
0,"2.876,0",82,19.564,1600068600.0,7
0,"2.876,0",82,19.564,1600069500.0,7
0,"2.876,0",82,19.564,1600070400.0,7
0,"2.876,0",82,19.564,1600071300.0,7
0,"2.876,0",82,19.564,1600072200.0,7
0,"2.876,0",82,19.564,1600073100.0,7
0,"2.876,0",82,19.564,1600074000.0,7
0,"2.876,0",82,19.564,1600074900.0,7
0,"2.876,0",82,19.564,1600075800.0,7
0,"2.876,0",82,19.564,1600076700.0,7
0,"2.876,0",82,19.564,1600077600.0,7
0,"2.876,0",82,19.564,1600078500.0,7
0,"2.876,0",82,19.564,1600079400.0,7
0,"2.876,0",82,19.564,1600080300.0,7
0,"2.876,0",82,19.564,1600081200.0,7
0,"2.876,0",82,19.564,1600082100.0,7
0,"2.876,0",82,19.564,1600083000.0,7
0,"2.876,0",82,19.564,1600083900.0,7
0,"2.876,0",82,19.564,1600084800.0,7
0,"2.876,0",82,19.564,1600085700.0,7
0,"2.876,0",82,19.564,1600086600.0,7
0,"2.876,0",82,19.564,1600087500.0,7
0,"2.876,0",82,19.564,1600088400.0,7
0,"2.876,0",82,19.564,1600089300.0,7
0,"2.876,0",82,19.564,1600090200.0,7
0,"2.876,0",82,19.564,1600091100.0,7
0,"2.876,0",82,19.564,1600092000.0,7
0,"2.876,0",82,19.564,1600092900.0,7
0,"2.876,0",82,19.564,1600093800.0,7
0,"2.876,0",82,19.564,1600094700.0,7
0,"2.876,0",82,19.564,1600095600.0,7
0,"2.876,0",82,19.564,1600096500.0,7
0,"2.876,0",82,19.564,1600097400.0,7
0,"2.876,0",82,19.564,1600098300.0,7
0,"2.876,0",82,19.564,1600099200.0,7
0,"2.876,0",82,19.564,1600100100.0,7
0,"2.876,0",82,19.564,1600101000.0,7
0,"2.876,0",82,19.564,1600101900.0,7
0,"2.876,0",82,19.564,1600102800.0,7
0,"2.876,0",82,19.564,1600103700.0,7
0,"2.876,0",82,19.564,1600104600.0,7
0,"2.876,0",82,19.564,1600105500.0,7
0,"2.876,0",82,19.564,1600106400.0,7
0,"2.876,0",82,19.564,1600107300.0,7
0,"2.876,0",82,19.564,1600108200.0,7
0,"2.876,0",82,19.564,1600109100.0,7
0,"2.876,0",82,19.564,1600110000.0,7
0,"2.876,0",82,19.564,1600110900.0,7
0,"2.876,0",82,19.564,1600111800.0,7
0,"2.876,0",82,19.564,1600112700.0,7
0,"2.876,0",82,19.564,1600113600.0,7
0,"2.876,0",82,19.564,1600114500.0,7
0,"2.876,0",82,19.564,1600115400.0,7
0,"2.876,0",82,19.564,1600116300.0,7
0,"2.876,0",82,19.564,1600117200.0,7
0,"2.876,0",82,19.564,1600118100.0,7
0,"2.876,0",82,19.564,1600119000.0,7
0,"2.876,0",82,19.564,1600119900.0,7
0,"2.876,0",82,19.564,1600120800.0,7
0,"2.876,0",82,19.564,1600121700.0,7
0,"2.876,0",82,19.564,1600122600.0,7
0,"2.876,0",82,19.564,1600123500.0,7
0,"2.876,0",82,19.564,1600124400.0,7
0,"2.876,0",82,19.564,1600125300.0,7
0,"2.876,0",82,19.564,1600126200.0,7
0,"2.876,0",82,19.564,1600127100.0,7
0,"2.876,0",82,19.564,1600128000.0,7
0,"2.876,0",82,19.564,1600128900.0,7
0,"2.876,0",82,19.564,1600129800.0,7
0,"2.876,0",82,19.564,1600130700.0,7
0,"2.876,0",82,19.564,1600131600.0,7
0,"2.876,0",82,19.564,1600132500.0,7
0,"2.876,0",82,19.564,1600133400.0,7
0,"2.876,0",82,19.564,1600134300.0,7
0,"2.876,0",82,19.564,1600135200.0,7
0,"2.876,0",82,19.564,1600136100.0,7
0,"2.876,0",82,19.564,1600137000.0,7
0,"2.876,0",82,19.564,1600137900.0,7
0,"2.876,0",82,19.564,1600138800.0,7
0,"2.876,0",82,19.564,1600139700.0,7
0,"3.244,7",85,22.073,1600140600.0,7
0,"3.244,7",85,22.073,1600141500.0,7
0,"3.244,7",85,22.073,1600142400.0,7
0,"3.244,7",85,22.073,1600143300.0,7
0,"3.244,7",85,22.073,1600144200.0,7
0,"3.244,7",85,22.073,1600145100.0,7
0,"3.244,7",85,22.073,1600146000.0,7
0,"3.244,7",85,22.073,1600146900.0,7
0,"3.244,7",85,22.073,1600147800.0,7
0,"3.244,7",85,22.073,1600148700.0,7
0,"3.244,7",85,22.073,1600149600.0,7
0,"3.244,7",85,22.073,1600150500.0,7
0,"3.244,7",85,22.073,1600151400.0,7
0,"3.244,7",85,22.073,1600152300.0,7
0,"3.244,7",85,22.073,1600153200.0,7
0,"3.244,7",85,22.073,1600154100.0,7
0,"3.244,7",85,22.073,1600155000.0,7
0,"3.244,7",85,22.073,1600155900.0,7
0,"3.244,7",85,22.073,1600156800.0,7
0,"3.244,7",85,22.073,1600157700.0,7
0,"3.244,7",85,22.073,1600158600.0,7
0,"3.244,7",85,22.073,1600159500.0,7
0,"3.244,7",85,22.073,1600160400.0,7
0,"3.244,7",85,22.073,1600161300.0,7
0,"3.244,7",85,22.073,1600162200.0,7
0,"3.244,7",85,22.073,1600163100.0,7
0,"3.244,7",85,22.073,1600169400.0,7
0,"3.244,7",85,22.073,1600170300.0,7
0,"3.244,7",85,22.073,1600171200.0,7
0,"3.244,7",85,22.073,1600172100.0,7
0,"3.244,7",85,22.073,1600173000.0,7
0,"3.244,7",85,22.073,1600173900.0,7
0,"3.244,7",85,22.073,1600174800.0,7
0,"3.244,7",85,22.073,1600175700.0,7
0,"3.244,7",85,22.073,1600176600.0,7
0,"3.244,7",85,22.073,1600177500.0,7
0,"3.244,7",85,22.073,1600178400.0,7
0,"3.244,7",85,22.073,1600179300.0,7
0,"3.244,7",85,22.073,1600180200.0,7
0,"3.244,7",85,22.073,1600181100.0,7
0,"3.244,7",85,22.073,1600182000.0,7
0,"3.244,7",85,22.073,1600182900.0,7
0,"3.244,7",85,22.073,1600183800.0,7
0,"3.244,7",85,22.073,1600184700.0,7
0,"3.244,7",85,22.073,1600185600.0,7
0,"3.244,7",85,22.073,1600186500.0,7
0,"3.244,7",85,22.073,1600187400.0,7
0,"3.244,7",85,22.073,1600188300.0,7
0,"3.244,7",85,22.073,1600189200.0,7
0,"3.244,7",85,22.073,1600190100.0,7
0,"3.244,7",85,22.073,1600191000.0,7
0,"3.244,7",85,22.073,1600191900.0,7
0,"3.244,7",85,22.073,1600192800.0,7
0,"3.244,7",85,22.073,1600193700.0,7
0,"3.244,7",85,22.073,1600194600.0,7
0,"3.244,7",85,22.073,1600195500.0,7
0,"3.244,7",85,22.073,1600196400.0,7
0,"3.244,7",85,22.073,1600197300.0,7
0,"3.244,7",85,22.073,1600198200.0,7
0,"3.244,7",85,22.073,1600199100.0,7
0,"3.244,7",85,22.073,1600200000.0,7
0,"3.244,7",85,22.073,1600200900.0,7
0,"3.244,7",85,22.073,1600201800.0,7
0,"3.244,7",85,22.073,1600202700.0,7
0,"3.244,7",85,22.073,1600203600.0,7
0,"3.244,7",85,22.073,1600204500.0,7
0,"3.244,7",85,22.073,1600205400.0,7
0,"3.244,7",85,22.073,1600206300.0,7
0,"3.244,7",85,22.073,1600207200.0,7
0,"3.244,7",85,22.073,1600208100.0,7
0,"3.244,7",85,22.073,1600209000.0,7
0,"3.244,7",85,22.073,1600209900.0,7
0,"3.244,7",85,22.073,1600210800.0,7
0,"3.244,7",85,22.073,1600211700.0,7
0,"3.244,7",85,22.073,1600212600.0,7
0,"3.244,7",85,22.073,1600213500.0,7
0,"3.244,7",85,22.073,1600214400.0,7
0,"3.244,7",85,22.073,1600215300.0,7
0,"3.244,7",85,22.073,1600216200.0,7
0,"3.244,7",85,22.073,1600217100.0,7
0,"3.244,7",85,22.073,1600218000.0,7
0,"3.244,7",85,22.073,1600218900.0,7
0,"3.244,7",85,22.073,1600219800.0,7
0,"3.244,7",85,22.073,1600220700.0,7
0,"3.244,7",85,22.073,1600221600.0,7
0,"3.244,7",85,22.073,1600222500.0,7
0,"3.244,7",85,22.073,1600223400.0,7
0,"3.244,7",85,22.073,1600224300.0,7
0,"3.244,7",85,22.073,1600225200.0,7
0,"3.244,7",85,22.073,1600226100.0,7
0,"3.487,4",86,23.724,1600227000.0,7
0,"3.487,4",86,23.724,1600227900.0,7
0,"3.487,4",86,23.724,1600228800.0,7
0,"3.487,4",86,23.724,1600229700.0,7
0,"3.487,4",86,23.724,1600230600.0,7
0,"3.487,4",86,23.724,1600231500.0,7
0,"3.487,4",86,23.724,1600232400.0,7
0,"3.487,4",86,23.724,1600233300.0,7
0,"3.487,4",86,23.724,1600234200.0,7
0,"3.487,4",86,23.724,1600235100.0,7
0,"3.487,4",86,23.724,1600236000.0,7
0,"3.487,4",86,23.724,1600236900.0,7
0,"3.487,4",86,23.724,1600237800.0,7
0,"3.487,4",86,23.724,1600238700.0,7
0,"3.487,4",86,23.724,1600239600.0,7
0,"3.487,4",86,23.724,1600240500.0,7
0,"3.487,4",86,23.724,1600241400.0,7
0,"3.487,4",86,23.724,1600242300.0,7
0,"3.487,4",86,23.724,1600243200.0,7
0,"3.487,4",86,23.724,1600244100.0,7
0,"3.487,4",86,23.724,1600245000.0,7
0,"3.487,4",86,23.724,1600245900.0,7
0,"3.487,4",86,23.724,1600246800.0,7
0,"3.487,4",86,23.724,1600247700.0,7
0,"3.487,4",86,23.724,1600248600.0,7
0,"3.487,4",86,23.724,1600249500.0,7
0,"3.487,4",86,23.724,1600250400.0,7
0,"3.487,4",86,23.724,1600251300.0,7
0,"3.487,4",86,23.724,1600252200.0,7
0,"3.487,4",86,23.724,1600253100.0,7
0,"3.487,4",86,23.724,1600254000.0,7
0,"3.487,4",86,23.724,1600254900.0,7
0,"3.487,4",86,23.724,1600255800.0,7
0,"3.487,4",86,23.724,1600256700.0,7
0,"3.487,4",86,23.724,1600257600.0,7
0,"3.487,4",86,23.724,1600258500.0,7
0,"3.487,4",86,23.724,1600259400.0,7
0,"3.487,4",86,23.724,1600260300.0,7
0,"3.487,4",86,23.724,1600261200.0,7
0,"3.487,4",86,23.724,1600262100.0,7
0,"3.487,4",86,23.724,1600263000.0,7
0,"3.487,4",86,23.724,1600263900.0,7
0,"3.487,4",86,23.724,1600264800.0,7
0,"3.487,4",86,23.724,1600265700.0,7
0,"3.487,4",86,23.724,1600266600.0,7
0,"3.487,4",86,23.724,1600267500.0,7
0,"3.487,4",86,23.724,1600268400.0,7
0,"3.487,4",86,23.724,1600269300.0,7
0,"3.487,4",86,23.724,1600270200.0,7
0,"3.487,4",86,23.724,1600271100.0,7
0,"3.487,4",86,23.724,1600272000.0,7
0,"3.487,4",86,23.724,1600272900.0,7
0,"3.487,4",86,23.724,1600273800.0,7
0,"3.487,4",86,23.724,1600274700.0,7
0,"3.487,4",86,23.724,1600275600.0,7
0,"3.487,4",86,23.724,1600276500.0,7
0,"3.487,4",86,23.724,1600277400.0,7
0,"3.487,4",86,23.724,1600278300.0,7
0,"3.487,4",86,23.724,1600279200.0,7
0,"3.487,4",86,23.724,1600280100.0,7
0,"3.487,4",86,23.724,1600281000.0,7
0,"3.487,4",86,23.724,1600281900.0,7
0,"3.487,4",86,23.724,1600282800.0,7
0,"3.487,4",86,23.724,1600283700.0,7
0,"3.487,4",86,23.724,1600284600.0,7
0,"3.487,4",86,23.724,1600285500.0,7
0,"3.487,4",86,23.724,1600286400.0,7
0,"3.487,4",86,23.724,1600287300.0,7
0,"3.487,4",86,23.724,1600288200.0,7
0,"3.487,4",86,23.724,1600289100.0,7
0,"3.487,4",86,23.724,1600290000.0,7
0,"3.487,4",86,23.724,1600290900.0,7
0,"3.487,4",86,23.724,1600291800.0,7
0,"3.487,4",86,23.724,1600292700.0,7
0,"3.487,4",86,23.724,1600293600.0,7
0,"3.487,4",86,23.724,1600294500.0,7
0,"3.487,4",86,23.724,1600295400.0,7
0,"3.487,4",86,23.724,1600296300.0,7
0,"3.487,4",86,23.724,1600297200.0,7
0,"3.487,4",86,23.724,1600298100.0,7
0,"3.487,4",86,23.724,1600299000.0,7
0,"3.487,4",86,23.724,1600299900.0,7
0,"3.487,4",86,23.724,1600300800.0,7
0,"3.487,4",86,23.724,1600301700.0,7
0,"3.487,4",86,23.724,1600302600.0,7
0,"3.487,4",86,23.724,1600303500.0,7
0,"3.487,4",86,23.724,1600304400.0,7
0,"3.487,4",86,23.724,1600305300.0,7
0,"3.487,4",86,23.724,1600306200.0,7
0,"3.487,4",86,23.724,1600307100.0,7
0,"3.487,4",86,23.724,1600308000.0,7
0,"3.487,4",86,23.724,1600308900.0,7
0,"3.487,4",86,23.724,1600309800.0,7
0,"3.487,4",86,23.724,1600310700.0,7
0,"3.487,4",86,23.724,1600311600.0,7
0,"3.487,4",86,23.724,1600312500.0,7
0,"3.487,4",86,23.724,1600313400.0,7
0,"3.839,0",87,26.116,1600314300.0,7
0,"3.839,0",87,26.116,1600315200.0,7
0,"3.839,0",87,26.116,1600316100.0,7
0,"3.839,0",87,26.116,1600317000.0,7
0,"3.839,0",87,26.116,1600317900.0,7
0,"3.839,0",87,26.116,1600318800.0,7
0,"3.839,0",87,26.116,1600319700.0,7
0,"3.839,0",87,26.116,1600320600.0,7
0,"3.839,0",87,26.116,1600321500.0,7
0,"3.839,0",87,26.116,1600322400.0,7
0,"3.839,0",87,26.116,1600323300.0,7
0,"3.839,0",87,26.116,1600324200.0,7
0,"3.839,0",87,26.116,1600325100.0,7
0,"3.839,0",87,26.116,1600326000.0,7
0,"3.839,0",87,26.116,1600326900.0,7
0,"3.839,0",87,26.116,1600327800.0,7
0,"3.839,0",87,26.116,1600328700.0,7
0,"3.839,0",87,26.116,1600329600.0,7
0,"3.839,0",87,26.116,1600330500.0,7
0,"3.839,0",87,26.116,1600331400.0,7
0,"3.839,0",87,26.116,1600332300.0,7
0,"3.839,0",87,26.116,1600333200.0,7
0,"3.839,0",87,26.116,1600334100.0,7
0,"3.839,0",87,26.116,1600335000.0,7
0,"3.839,0",87,26.116,1600335900.0,7
0,"3.839,0",87,26.116,1600336800.0,7
0,"3.839,0",87,26.116,1600337700.0,7
0,"3.839,0",87,26.116,1600338600.0,7
0,"3.839,0",87,26.116,1600339500.0,7
0,"3.839,0",87,26.116,1600340400.0,7
0,"3.839,0",87,26.116,1600341300.0,7
0,"3.839,0",87,26.116,1600342200.0,7
0,"3.839,0",87,26.116,1600343100.0,7
0,"3.839,0",87,26.116,1600344000.0,7
0,"3.839,0",87,26.116,1600344900.0,7
0,"3.839,0",87,26.116,1600345800.0,7
0,"3.839,0",87,26.116,1600346700.0,7
0,"3.839,0",87,26.116,1600347600.0,7
0,"3.839,0",87,26.116,1600348500.0,7
0,"3.839,0",87,26.116,1600349400.0,7
0,"3.839,0",87,26.116,1600350300.0,7
0,"3.839,0",87,26.116,1600351200.0,7
0,"3.839,0",87,26.116,1600352100.0,7
0,"3.839,0",87,26.116,1600353000.0,7
0,"3.839,0",87,26.116,1600353900.0,7
0,"3.839,0",87,26.116,1600354800.0,7
0,"3.839,0",87,26.116,1600355700.0,7
0,"3.839,0",87,26.116,1600356600.0,7
0,"3.839,0",87,26.116,1600357500.0,7
0,"3.839,0",87,26.116,1600358400.0,7
0,"3.839,0",87,26.116,1600359300.0,7
0,"3.839,0",87,26.116,1600360200.0,7
0,"3.839,0",87,26.116,1600361100.0,7
0,"3.839,0",87,26.116,1600362000.0,7
0,"3.839,0",87,26.116,1600362900.0,7
0,"3.839,0",87,26.116,1600363800.0,7
0,"3.839,0",87,26.116,1600364700.0,7
0,"3.839,0",87,26.116,1600365600.0,7
0,"3.839,0",87,26.116,1600366500.0,7
0,"3.839,0",87,26.116,1600367400.0,7
0,"3.839,0",87,26.116,1600368300.0,7
0,"3.839,0",87,26.116,1600369200.0,7
0,"3.839,0",87,26.116,1600370100.0,7
0,"3.839,0",87,26.116,1600371000.0,7
0,"3.839,0",87,26.116,1600371900.0,7
0,"3.839,0",87,26.116,1600372800.0,7
0,"3.839,0",87,26.116,1600373700.0,7
0,"3.839,0",87,26.116,1600374600.0,7
0,"3.839,0",87,26.116,1600375500.0,7
0,"3.839,0",87,26.116,1600376400.0,7
0,"3.839,0",87,26.116,1600377300.0,7
0,"3.839,0",87,26.116,1600378200.0,7
0,"3.839,0",87,26.116,1600379100.0,7
0,"3.839,0",87,26.116,1600380000.0,7
0,"3.839,0",87,26.116,1600380900.0,7
0,"3.839,0",87,26.116,1600381800.0,7
0,"3.839,0",87,26.116,1600382700.0,7
0,"3.839,0",87,26.116,1600383600.0,7
0,"3.839,0",87,26.116,1600384500.0,7
0,"3.839,0",87,26.116,1600385400.0,7
0,"3.839,0",87,26.116,1600386300.0,7
0,"3.839,0",87,26.116,1600387200.0,7
0,"3.839,0",87,26.116,1600388100.0,7
0,"3.839,0",87,26.116,1600389000.0,7
0,"3.839,0",87,26.116,1600389900.0,7
0,"3.839,0",87,26.116,1600390800.0,7
0,"3.839,0",87,26.116,1600391700.0,7
0,"3.839,0",87,26.116,1600392600.0,7
0,"3.839,0",87,26.116,1600393500.0,7
0,"3.839,0",87,26.116,1600394400.0,7
0,"3.839,0",87,26.116,1600395300.0,7
0,"3.839,0",87,26.116,1600396200.0,7
0,"3.839,0",87,26.116,1600397100.0,7
0,"3.839,0",87,26.116,1600398000.0,7
0,"3.839,0",87,26.116,1600398900.0,7
0,"3.839,0",87,26.116,1600399800.0,7
0,"3.839,0",87,26.116,1600400700.0,7
0,"4.103,1",87,27.912,1600401600.0,7
0,"4.103,1",87,27.912,1600402500.0,7
0,"4.103,1",87,27.912,1600403400.0,7
0,"4.103,1",87,27.912,1600404300.0,7
0,"4.103,1",87,27.912,1600405200.0,7
0,"4.103,1",87,27.912,1600406100.0,7
0,"4.103,1",87,27.912,1600407000.0,7
0,"4.103,1",87,27.912,1600407900.0,7
0,"4.103,1",87,27.912,1600408800.0,7
0,"4.103,1",87,27.912,1600409700.0,7
0,"4.103,1",87,27.912,1600410600.0,7
0,"4.103,1",87,27.912,1600411500.0,7
0,"4.103,1",87,27.912,1600412400.0,7
0,"4.103,1",87,27.912,1600413300.0,7
0,"4.103,1",87,27.912,1600414200.0,7
0,"4.103,1",87,27.912,1600415100.0,7
0,"4.103,1",87,27.912,1600416000.0,7
0,"4.103,1",87,27.912,1600416900.0,7
0,"4.103,1",87,27.912,1600417800.0,7
0,"4.103,1",87,27.912,1600418700.0,7
0,"4.103,1",87,27.912,1600419600.0,7
0,"4.103,1",87,27.912,1600420500.0,7
0,"4.103,1",87,27.912,1600421400.0,7
0,"4.103,1",87,27.912,1600422300.0,7
0,"4.103,1",87,27.912,1600423200.0,7
0,"4.103,1",87,27.912,1600424100.0,7
0,"4.103,1",87,27.912,1600425000.0,7
0,"4.103,1",87,27.912,1600425900.0,7
0,"4.103,1",87,27.912,1600426800.0,7
0,"4.103,1",87,27.912,1600427700.0,7
0,"4.103,1",87,27.912,1600428600.0,7
0,"4.103,1",87,27.912,1600429500.0,7
0,"4.103,1",87,27.912,1600430400.0,7
0,"4.103,1",87,27.912,1600431300.0,7
0,"4.103,1",87,27.912,1600432200.0,7
0,"4.103,1",87,27.912,1600433100.0,7
0,"4.103,1",87,27.912,1600434000.0,7
0,"4.103,1",87,27.912,1600434900.0,7
0,"4.103,1",87,27.912,1600435800.0,7
0,"4.103,1",87,27.912,1600436700.0,7
0,"4.103,1",87,27.912,1600437600.0,7
0,"4.103,1",87,27.912,1600438500.0,7
0,"4.103,1",87,27.912,1600439400.0,7
0,"4.103,1",87,27.912,1600440300.0,7
0,"4.103,1",87,27.912,1600441200.0,7
0,"4.103,1",87,27.912,1600442100.0,7
0,"4.103,1",87,27.912,1600443000.0,7
0,"4.103,1",87,27.912,1600443900.0,7
0,"4.103,1",87,27.912,1600444800.0,7
0,"4.103,1",87,27.912,1600445700.0,7
0,"4.103,1",87,27.912,1600446600.0,7
0,"4.103,1",87,27.912,1600447500.0,7
0,"4.103,1",87,27.912,1600448400.0,7
0,"4.103,1",87,27.912,1600449300.0,7
0,"4.103,1",87,27.912,1600450200.0,7
0,"4.103,1",87,27.912,1600451100.0,7
0,"4.103,1",87,27.912,1600452000.0,7
0,"4.103,1",87,27.912,1600452900.0,7
0,"4.103,1",87,27.912,1600453800.0,7
0,"4.103,1",87,27.912,1600454700.0,7
0,"4.103,1",87,27.912,1600455600.0,7
0,"4.103,1",87,27.912,1600456500.0,7
0,"4.103,1",87,27.912,1600457400.0,7
0,"4.103,1",87,27.912,1600458300.0,7
0,"4.103,1",87,27.912,1600459200.0,7
0,"4.103,1",87,27.912,1600460100.0,7
0,"4.103,1",87,27.912,1600461000.0,7
0,"4.103,1",87,27.912,1600461900.0,7
0,"4.103,1",87,27.912,1600462800.0,7
0,"4.103,1",87,27.912,1600463700.0,7
0,"4.103,1",87,27.912,1600464600.0,7
0,"4.103,1",87,27.912,1600465500.0,7
0,"4.103,1",87,27.912,1600466400.0,7
0,"4.103,1",87,27.912,1600467300.0,7
0,"4.103,1",87,27.912,1600468200.0,7
0,"4.103,1",87,27.912,1600469100.0,7
0,"4.103,1",87,27.912,1600470000.0,7
0,"4.103,1",87,27.912,1600470900.0,7
0,"4.103,1",87,27.912,1600471800.0,7
0,"4.103,1",87,27.912,1600472700.0,7
0,"4.103,1",87,27.912,1600473600.0,7
0,"4.103,1",87,27.912,1600474500.0,7
0,"4.103,1",87,27.912,1600475400.0,7
0,"4.103,1",87,27.912,1600476300.0,7
0,"4.103,1",87,27.912,1600477200.0,7
0,"4.103,1",87,27.912,1600478100.0,7
0,"4.103,1",87,27.912,1600479000.0,7
0,"4.103,1",87,27.912,1600479900.0,7
0,"4.103,1",87,27.912,1600480800.0,7
0,"4.103,1",87,27.912,1600481700.0,7
0,"4.103,1",87,27.912,1600482600.0,7
0,"4.103,1",87,27.912,1600483500.0,7
0,"4.103,1",87,27.912,1600484400.0,7
0,"4.103,1",87,27.912,1600485300.0,7
0,"4.103,1",87,27.912,1600486200.0,7
0,"4.103,1",87,27.912,1600487100.0,7
0,"4.456,7",89,30.318,1600488000.0,7
0,"4.456,7",89,30.318,1600488900.0,7
0,"4.456,7",89,30.318,1600489800.0,7
0,"4.456,7",89,30.318,1600490700.0,7
0,"4.456,7",89,30.318,1600491600.0,7
0,"4.456,7",89,30.318,1600492500.0,7
0,"4.456,7",89,30.318,1600493400.0,7
0,"4.456,7",89,30.318,1600494300.0,7
0,"4.456,7",89,30.318,1600495200.0,7
0,"4.456,7",89,30.318,1600496100.0,7
0,"4.456,7",89,30.318,1600497000.0,7
0,"4.456,7",89,30.318,1600497900.0,7
0,"4.456,7",89,30.318,1600498800.0,7
0,"4.456,7",89,30.318,1600499700.0,7
0,"4.456,7",89,30.318,1600500600.0,7
0,"4.456,7",89,30.318,1600501500.0,7
0,"4.456,7",89,30.318,1600502400.0,7
0,"4.456,7",89,30.318,1600503300.0,7
0,"4.456,7",89,30.318,1600504200.0,7
0,"4.456,7",89,30.318,1600505100.0,7
0,"4.456,7",89,30.318,1600506000.0,7
0,"4.456,7",89,30.318,1600506900.0,7
0,"4.456,7",89,30.318,1600507800.0,7
0,"4.456,7",89,30.318,1600508700.0,7
0,"4.456,7",89,30.318,1600509600.0,7
0,"4.456,7",89,30.318,1600510500.0,7
0,"4.456,7",89,30.318,1600511400.0,7
0,"4.456,7",89,30.318,1600512300.0,7
0,"4.456,7",89,30.318,1600513200.0,7
0,"4.456,7",89,30.318,1600514100.0,7
0,"4.456,7",89,30.318,1600515000.0,7
0,"4.456,7",89,30.318,1600515900.0,7
0,"4.456,7",89,30.318,1600516800.0,7
0,"4.456,7",89,30.318,1600517700.0,7
0,"4.456,7",89,30.318,1600518600.0,7
0,"4.456,7",89,30.318,1600519500.0,7
0,"4.456,7",89,30.318,1600520400.0,7
0,"4.456,7",89,30.318,1600521300.0,7
0,"4.456,7",89,30.318,1600522200.0,7
0,"4.456,7",89,30.318,1600523100.0,7
0,"4.456,7",89,30.318,1600524000.0,7
0,"4.456,7",89,30.318,1600524900.0,7
0,"4.456,7",89,30.318,1600525800.0,7
0,"4.456,7",89,30.318,1600526700.0,7
0,"4.456,7",89,30.318,1600527600.0,7
0,"4.456,7",89,30.318,1600528500.0,7
0,"4.456,7",89,30.318,1600529400.0,7
0,"4.456,7",89,30.318,1600530300.0,7
0,"4.456,7",89,30.318,1600531200.0,7
0,"4.456,7",89,30.318,1600532100.0,7
0,"4.456,7",89,30.318,1600533000.0,7
0,"4.456,7",89,30.318,1600533900.0,7
0,"4.456,7",89,30.318,1600534800.0,7
0,"4.456,7",89,30.318,1600535700.0,7
0,"4.456,7",89,30.318,1600536600.0,7
0,"4.456,7",89,30.318,1600537500.0,7
0,"4.456,7",89,30.318,1600538400.0,7
0,"4.456,7",89,30.318,1600539300.0,7
0,"4.456,7",89,30.318,1600540200.0,7
0,"4.456,7",89,30.318,1600541100.0,7
0,"4.456,7",89,30.318,1600542000.0,7
0,"4.456,7",89,30.318,1600542900.0,7
0,"4.456,7",89,30.318,1600543800.0,7
0,"4.456,7",89,30.318,1600544700.0,7
0,"4.456,7",89,30.318,1600545600.0,7
0,"4.456,7",89,30.318,1600546500.0,7
0,"4.456,7",89,30.318,1600547400.0,7
0,"4.456,7",89,30.318,1600548300.0,7
0,"4.456,7",89,30.318,1600549200.0,7
0,"4.456,7",89,30.318,1600550100.0,7
0,"4.456,7",89,30.318,1600551000.0,7
0,"4.456,7",89,30.318,1600551900.0,7
0,"4.456,7",89,30.318,1600552800.0,7
0,"4.456,7",89,30.318,1600553700.0,7
0,"4.456,7",89,30.318,1600554600.0,7
0,"4.456,7",89,30.318,1600555500.0,7
0,"4.456,7",89,30.318,1600556400.0,7
0,"4.456,7",89,30.318,1600557300.0,7
0,"4.456,7",89,30.318,1600558200.0,7
0,"4.456,7",89,30.318,1600559100.0,7
0,"4.456,7",89,30.318,1600560000.0,7
0,"4.456,7",89,30.318,1600560900.0,7
0,"4.456,7",89,30.318,1600561800.0,7
0,"4.456,7",89,30.318,1600562700.0,7
0,"4.456,7",89,30.318,1600563600.0,7
0,"4.456,7",89,30.318,1600564500.0,7
0,"4.456,7",89,30.318,1600565400.0,7
0,"4.456,7",89,30.318,1600566300.0,7
0,"4.456,7",89,30.318,1600567200.0,7
0,"4.456,7",89,30.318,1600568100.0,7
0,"4.456,7",89,30.318,1600569000.0,7
0,"4.456,7",89,30.318,1600569900.0,7
0,"4.456,7",89,30.318,1600570800.0,7
0,"4.456,7",89,30.318,1600571700.0,7
0,"4.456,7",89,30.318,1600572600.0,7
0,"4.456,7",89,30.318,1600573500.0,7
0,"4.456,7",89,30.318,1600574400.0,7
0,"4.729,7",90,32.175,1600575300.0,7
0,"4.729,7",90,32.175,1600576200.0,7
0,"4.729,7",90,32.175,1600577100.0,7
0,"4.729,7",90,32.175,1600578000.0,7
0,"4.729,7",90,32.175,1600578900.0,7
0,"4.729,7",90,32.175,1600579800.0,7
0,"4.729,7",90,32.175,1600580700.0,7
0,"4.729,7",90,32.175,1600581600.0,7
0,"4.729,7",90,32.175,1600582500.0,7
0,"4.729,7",90,32.175,1600583400.0,7
0,"4.729,7",90,32.175,1600584300.0,7
0,"4.729,7",90,32.175,1600585200.0,7
0,"4.729,7",90,32.175,1600586100.0,7
0,"4.729,7",90,32.175,1600587000.0,7
0,"4.729,7",90,32.175,1600587900.0,7
0,"4.729,7",90,32.175,1600588800.0,7
0,"4.729,7",90,32.175,1600589700.0,7
0,"4.729,7",90,32.175,1600590600.0,7
0,"4.729,7",90,32.175,1600591500.0,7
0,"4.729,7",90,32.175,1600592400.0,7
0,"4.729,7",90,32.175,1600593300.0,7
0,"4.729,7",90,32.175,1600594200.0,7
0,"4.729,7",90,32.175,1600595100.0,7
0,"4.729,7",90,32.175,1600596000.0,7
0,"4.729,7",90,32.175,1600596900.0,7
0,"4.729,7",90,32.175,1600597800.0,7
0,"4.729,7",90,32.175,1600598700.0,7
0,"4.729,7",90,32.175,1600599600.0,7
0,"4.729,7",90,32.175,1600600500.0,7
0,"4.729,7",90,32.175,1600601400.0,7
0,"4.729,7",90,32.175,1600602300.0,7
0,"4.729,7",90,32.175,1600603200.0,7
0,"4.729,7",90,32.175,1600604100.0,7
0,"4.729,7",90,32.175,1600605000.0,7
0,"4.729,7",90,32.175,1600605900.0,7
0,"4.729,7",90,32.175,1600606800.0,7
0,"4.729,7",90,32.175,1600607700.0,7
0,"4.729,7",90,32.175,1600608600.0,7
0,"4.729,7",90,32.175,1600609500.0,7
0,"4.729,7",90,32.175,1600610400.0,7
0,"4.729,7",90,32.175,1600611300.0,7
0,"4.729,7",90,32.175,1600612200.0,7
0,"4.729,7",90,32.175,1600613100.0,7
0,"4.729,7",90,32.175,1600614000.0,7
0,"4.729,7",90,32.175,1600614900.0,7
0,"4.729,7",90,32.175,1600617600.0,7
0,"4.729,7",90,32.175,1600619400.0,7
0,"4.729,7",90,32.175,1600620300.0,7
0,"4.729,7",90,32.175,1600621200.0,7
0,"4.729,7",90,32.175,1600622100.0,7
0,"4.729,7",90,32.175,1600623000.0,7
0,"4.729,7",90,32.175,1600623900.0,7
0,"4.729,7",90,32.175,1600624800.0,7
0,"4.729,7",90,32.175,1600625700.0,7
0,"4.729,7",90,32.175,1600626600.0,7
0,"4.729,7",90,32.175,1600627500.0,7
0,"4.729,7",90,32.175,1600628400.0,7
0,"4.729,7",90,32.175,1600629300.0,7
0,"4.729,7",90,32.175,1600630200.0,7
0,"4.729,7",90,32.175,1600631100.0,7
0,"4.729,7",90,32.175,1600632000.0,7
0,"4.729,7",90,32.175,1600632900.0,7
0,"4.729,7",90,32.175,1600633800.0,7
0,"4.729,7",90,32.175,1600634700.0,7
0,"4.729,7",90,32.175,1600635600.0,7
0,"4.729,7",90,32.175,1600636500.0,7
0,"4.729,7",90,32.175,1600637400.0,7
0,"4.729,7",90,32.175,1600638300.0,7
0,"4.729,7",90,32.175,1600639200.0,7
0,"4.729,7",90,32.175,1600640100.0,7
0,"4.729,7",90,32.175,1600641000.0,7
0,"4.729,7",90,32.175,1600641900.0,7
0,"4.729,7",90,32.175,1600642800.0,7
0,"4.729,7",90,32.175,1600643700.0,7
0,"4.729,7",90,32.175,1600644600.0,7
0,"4.729,7",90,32.175,1600645500.0,7
0,"4.729,7",90,32.175,1600646400.0,7
0,"4.729,7",90,32.175,1600647300.0,7
0,"4.729,7",90,32.175,1600648200.0,7
0,"4.729,7",90,32.175,1600649100.0,7
0,"4.729,7",90,32.175,1600650000.0,7
0,"4.729,7",90,32.175,1600650900.0,7
0,"4.729,7",90,32.175,1600651800.0,7
0,"4.729,7",90,32.175,1600652700.0,7
0,"4.729,7",90,32.175,1600653600.0,7
0,"4.729,7",90,32.175,1600654500.0,7
0,"4.729,7",90,32.175,1600655400.0,7
0,"4.729,7",90,32.175,1600656300.0,7
0,"4.729,7",90,32.175,1600657200.0,7
0,"4.729,7",90,32.175,1600658100.0,7
0,"4.729,7",90,32.175,1600659000.0,7
0,"4.729,7",90,32.175,1600659900.0,7
0,"4.729,7",90,32.175,1600660800.0,7
0,"4.729,7",90,32.175,1600661700.0,7
0,"5.167,9",90,35.156,1600662600.0,7
0,"5.167,9",90,35.156,1600663500.0,7
0,"5.167,9",90,35.156,1600664400.0,7
0,"5.167,9",90,35.156,1600665300.0,7
0,"5.167,9",90,35.156,1600666200.0,7
0,"5.167,9",90,35.156,1600667100.0,7
0,"5.167,9",90,35.156,1600668000.0,7
0,"5.167,9",90,35.156,1600668900.0,7
0,"5.167,9",90,35.156,1600669800.0,7
0,"5.167,9",90,35.156,1600670700.0,7
0,"5.167,9",90,35.156,1600671600.0,7
0,"5.167,9",90,35.156,1600672500.0,7
0,"5.167,9",90,35.156,1600673400.0,7
0,"5.167,9",90,35.156,1600674300.0,7
0,"5.167,9",90,35.156,1600675200.0,7
0,"5.167,9",90,35.156,1600676100.0,7
0,"5.167,9",90,35.156,1600677000.0,7
0,"5.167,9",90,35.156,1600677900.0,7
0,"5.167,9",90,35.156,1600678800.0,7
0,"5.167,9",90,35.156,1600679700.0,7
0,"5.167,9",90,35.156,1600680600.0,7
0,"5.167,9",90,35.156,1600681500.0,7
0,"5.167,9",90,35.156,1600682400.0,7
0,"5.167,9",90,35.156,1600683300.0,7
0,"5.167,9",90,35.156,1600684200.0,7
0,"5.167,9",90,35.156,1600685100.0,7
0,"5.167,9",90,35.156,1600686000.0,7
0,"5.167,9",90,35.156,1600686900.0,7
0,"5.167,9",90,35.156,1600687800.0,7
0,"5.167,9",90,35.156,1600688700.0,7
0,"5.167,9",90,35.156,1600689600.0,7
0,"5.167,9",90,35.156,1600690500.0,7
0,"5.167,9",90,35.156,1600691400.0,7
0,"5.167,9",90,35.156,1600692300.0,7
0,"5.167,9",90,35.156,1600693200.0,7
0,"5.167,9",90,35.156,1600694100.0,7
0,"5.167,9",90,35.156,1600695000.0,7
0,"5.167,9",90,35.156,1600695900.0,7
0,"5.167,9",90,35.156,1600696800.0,7
0,"5.167,9",90,35.156,1600697700.0,7
0,"5.167,9",90,35.156,1600698600.0,7
0,"5.167,9",90,35.156,1600699500.0,7
0,"5.167,9",90,35.156,1600700400.0,7
0,"5.167,9",90,35.156,1600701300.0,7
0,"5.167,9",90,35.156,1600702200.0,7
0,"5.167,9",90,35.156,1600703100.0,7
0,"5.167,9",90,35.156,1600704000.0,7
0,"5.167,9",90,35.156,1600704900.0,7
0,"5.167,9",90,35.156,1600705800.0,7
0,"5.167,9",90,35.156,1600706700.0,7
0,"5.167,9",90,35.156,1600707600.0,7
0,"5.167,9",90,35.156,1600708500.0,7
0,"5.167,9",90,35.156,1600709400.0,7
0,"5.167,9",90,35.156,1600710300.0,7
0,"5.167,9",90,35.156,1600711200.0,7
0,"5.167,9",90,35.156,1600712100.0,7
0,"5.167,9",90,35.156,1600713000.0,7
0,"5.167,9",90,35.156,1600713900.0,7
0,"5.167,9",90,35.156,1600714800.0,7
0,"5.167,9",90,35.156,1600715700.0,7
0,"5.167,9",90,35.156,1600716600.0,7
0,"5.167,9",90,35.156,1600717500.0,7
0,"5.167,9",90,35.156,1600718400.0,7
0,"5.167,9",90,35.156,1600719300.0,7
0,"5.167,9",90,35.156,1600720200.0,7
0,"5.167,9",90,35.156,1600721100.0,7
0,"5.167,9",90,35.156,1600722000.0,7
0,"5.167,9",90,35.156,1600722900.0,7
0,"5.167,9",90,35.156,1600723800.0,7
0,"5.167,9",90,35.156,1600724700.0,7
0,"5.167,9",90,35.156,1600725600.0,7
0,"5.167,9",90,35.156,1600726500.0,7
0,"5.167,9",90,35.156,1600727400.0,7
0,"5.167,9",90,35.156,1600728300.0,7
0,"5.167,9",90,35.156,1600729200.0,7
0,"5.167,9",90,35.156,1600730100.0,7
0,"5.167,9",90,35.156,1600731000.0,7
0,"5.167,9",90,35.156,1600731900.0,7
0,"5.167,9",90,35.156,1600732800.0,7
0,"5.167,9",90,35.156,1600733700.0,7
0,"5.167,9",90,35.156,1600734600.0,7
0,"5.167,9",90,35.156,1600735500.0,7
0,"5.167,9",90,35.156,1600736400.0,7
0,"5.167,9",90,35.156,1600737300.0,7
0,"5.167,9",90,35.156,1600738200.0,7
0,"5.167,9",90,35.156,1600739100.0,7
0,"5.167,9",90,35.156,1600740000.0,7
0,"5.167,9",90,35.156,1600740900.0,7
0,"5.167,9",90,35.156,1600741800.0,7
0,"5.167,9",90,35.156,1600742700.0,7
0,"5.167,9",90,35.156,1600743600.0,7
0,"5.167,9",90,35.156,1600744500.0,7
0,"5.167,9",90,35.156,1600745400.0,7
0,"5.167,9",90,35.156,1600746300.0,7
0,"5.167,9",90,35.156,1600747200.0,7
0,"5.167,9",90,35.156,1600748100.0,7
0,"5.167,9",90,35.156,1600749000.0,7
0,"5.509,0",90,37.476,1600749900.0,7
0,"5.509,0",90,37.476,1600750800.0,7
0,"5.509,0",90,37.476,1600751700.0,7
0,"5.509,0",90,37.476,1600752600.0,7
0,"5.509,0",90,37.476,1600753500.0,7
0,"5.509,0",90,37.476,1600754400.0,7
0,"5.509,0",90,37.476,1600755300.0,7
0,"5.509,0",90,37.476,1600756200.0,7
0,"5.509,0",90,37.476,1600757100.0,7
0,"5.509,0",90,37.476,1600758000.0,7
0,"5.509,0",90,37.476,1600758900.0,7
0,"5.509,0",90,37.476,1600759800.0,7
0,"5.509,0",90,37.476,1600760700.0,7
0,"5.509,0",90,37.476,1600761600.0,7
