,Teamplatzierung,timestamp,Distanz,CO2,Aktive
0,625,1630426200.0,0,"0,0",0
0,627,1630437660.0,0,"0,0",0
0,627,1630437900.0,0,"0,0",0
0,627,1630437960.0,0,"0,0",0
0,627,1630438080.0,0,"0,0",0
0,627,1630438200.0,0,"0,0",0
0,627,1630439100.0,0,"0,0",0
0,627,1630440000.0,0,"0,0",0
0,627,1630440900.0,0,"0,0",0
0,627,1630441800.0,0,"0,0",0
0,627,1630442700.0,0,"0,0",0
0,627,1630443600.0,0,"0,0",0
0,627,1630444500.0,0,"0,0",0
0,627,1630445400.0,0,"0,0",0
0,627,1630446300.0,0,"0,0",0
0,627,1630447200.0,0,"0,0",0
0,627,1630448820.0,0,"0,0",0
0,627,1630449000.0,0,"0,0",0
0,627,1630449900.0,0,"0,0",0
0,627,1630450800.0,0,"0,0",0
0,627,1630451700.0,0,"0,0",0
0,627,1630452600.0,0,"0,0",0
0,627,1630453500.0,0,"0,0",0
0,627,1630454400.0,0,"0,0",0
0,627,1630455300.0,0,"0,0",0
0,627,1630456200.0,0,"0,0",0
0,627,1630457100.0,0,"0,0",0
0,627,1630458000.0,0,"0,0",0
0,627,1630458900.0,0,"0,0",0
0,627,1630459800.0,0,"0,0",0
0,627,1630460700.0,0,"0,0",0
0,627,1630461600.0,0,"0,0",0
0,627,1630462500.0,0,"0,0",0
0,627,1630463400.0,0,"0,0",0
0,627,1630464300.0,0,"0,0",0
0,627,1630465200.0,0,"0,0",0
0,627,1630466100.0,0,"0,0",0
0,627,1630467000.0,0,"0,0",0
0,627,1630467900.0,0,"0,0",0
0,627,1630468800.0,0,"0,0",0
0,627,1630469700.0,0,"0,0",0
0,627,1630470600.0,0,"0,0",0
0,627,1630471500.0,0,"0,0",0
0,629,1630472400.0,0,"0,0",0
0,629,1630473300.0,0,"0,0",0
0,629,1630474200.0,0,"0,0",0
0,629,1630475100.0,0,"0,0",0
0,629,1630476000.0,0,"0,0",0
0,629,1630476900.0,0,"0,0",0
0,630,1630477800.0,0,"0,0",0
0,630,1630478700.0,0,"0,0",0
0,630,1630479600.0,0,"0,0",0
0,632,1630480500.0,0,"0,0",0
0,632,1630481400.0,0,"0,0",0
0,632,1630482300.0,0,"0,0",0
0,635,1630483200.0,0,"0,0",0
0,635,1630484100.0,0,"0,0",0
0,635,1630485000.0,0,"0,0",0
0,637,1630485900.0,0,"0,0",0
0,637,1630486800.0,0,"0,0",0
0,637,1630487700.0,0,"0,0",0
0,639,1630488600.0,0,"0,0",0
0,639,1630489500.0,0,"0,0",0
0,639,1630490400.0,0,"0,0",0
0,642,1630491300.0,0,"0,0",0
0,642,1630492200.0,0,"0,0",0
0,642,1630493100.0,0,"0,0",0
0,647,1630494000.0,0,"0,0",0
0,647,1630494900.0,0,"0,0",0
0,647,1630495800.0,0,"0,0",0
0,649,1630496700.0,0,"0,0",0
0,649,1630497600.0,0,"0,0",0
0,649,1630498500.0,0,"0,0",0
0,649,1630499400.0,0,"0,0",0
0,649,1630500300.0,0,"0,0",0
0,649,1630501200.0,0,"0,0",0
0,649,1630502100.0,0,"0,0",0
0,649,1630503000.0,0,"0,0",0
0,653,1630503900.0,0,"0,0",0
0,653,1630504800.0,0,"0,0",0
0,653,1630505700.0,0,"0,0",0
0,656,1630506600.0,0,"0,0",0
0,656,1630507500.0,0,"0,0",0
0,656,1630508400.0,0,"0,0",0
0,658,1630509300.0,0,"0,0",0
0,658,1630510200.0,0,"0,0",0
0,659,1630511100.0,0,"0,0",0
0,659,1630512000.0,0,"0,0",0
0,659,1630512900.0,0,"0,0",0
0,662,1630513800.0,0,"0,0",0
0,662,1630514700.0,0,"0,0",0
0,662,1630515600.0,0,"0,0",0
0,662,1630516500.0,0,"0,0",0
0,662,1630517400.0,0,"0,0",0
0,662,1630518300.0,0,"0,0",0
0,662,1630519200.0,0,"0,0",0
0,662,1630520100.0,0,"0,0",0
0,663,1630521000.0,0,"0,0",0
0,663,1630521900.0,0,"0,0",0
0,663,1630522800.0,0,"0,0",0
0,665,1630523700.0,0,"0,0",0
0,665,1630524600.0,0,"0,0",0
0,665,1630525500.0,0,"0,0",0
0,667,1630526400.0,0,"0,0",0
0,667,1630527300.0,0,"0,0",0
0,667,1630528200.0,0,"0,0",0
0,670,1630529100.0,0,"0,0",0
0,670,1630530000.0,0,"0,0",0
0,670,1630530900.0,0,"0,0",0
0,674,1630531800.0,0,"0,0",0
0,674,1630532700.0,0,"0,0",0
0,674,1630533600.0,0,"0,0",0
0,674,1630534500.0,0,"0,0",0
0,674,1630535400.0,0,"0,0",0
0,674,1630536300.0,0,"0,0",0
0,676,1630537200.0,0,"0,0",0
0,676,1630538100.0,0,"0,0",0
0,677,1630539000.0,0,"0,0",0
0,677,1630539900.0,0,"0,0",0
0,677,1630540800.0,0,"0,0",0
0,677,1630541700.0,0,"0,0",0
0,677,1630542600.0,0,"0,0",0
0,677,1630543500.0,0,"0,0",0
0,677,1630544400.0,0,"0,0",0
0,677,1630545300.0,0,"0,0",0
0,677,1630546200.0,0,"0,0",0
0,677,1630547100.0,0,"0,0",0
0,677,1630548000.0,0,"0,0",0
0,678,1630548900.0,0,"0,0",0
0,678,1630549800.0,0,"0,0",0
0,678,1630550700.0,0,"0,0",0
0,678,1630551600.0,0,"0,0",0
0,678,1630552500.0,0,"0,0",0
0,678,1630553400.0,0,"0,0",0
0,680,1630554300.0,0,"0,0",0
0,680,1630555200.0,0,"0,0",0
0,680,1630556100.0,0,"0,0",0
0,687,1630557000.0,0,"0,0",0
0,687,1630557900.0,0,"0,0",0
0,687,1630558800.0,0,"0,0",0
0,695,1630559700.0,0,"0,0",0
0,695,1630560600.0,0,"0,0",0
0,695,1630561500.0,0,"0,0",0
0,60,1630562400.0,25,"3,6",3
0,60,1630563300.0,25,"3,6",3
0,60,1630564200.0,25,"3,6",3
0,13,1630565100.0,100,"14,7",7
0,13,1630566000.0,100,"14,7",7
0,13,1630566900.0,100,"14,7",7
0,17,1630567800.0,114,"16,7",9
0,17,1630568700.0,114,"16,7",9
0,17,1630569600.0,114,"16,7",9
0,24,1630570500.0,114,"16,7",9
0,24,1630571400.0,114,"16,7",9
0,24,1630572300.0,114,"16,7",9
0,19,1630573200.0,169,"24,8",11
0,19,1630574100.0,169,"24,8",11
0,19,1630575000.0,169,"24,8",11
0,21,1630575900.0,169,"24,8",11
0,21,1630576800.0,169,"24,8",11
0,21,1630577700.0,169,"24,8",11
0,12,1630578600.0,226,"33,3",19
0,12,1630579500.0,226,"33,3",19
0,12,1630580400.0,226,"33,3",19
0,11,1630581300.0,271,"39,8",21
0,11,1630582200.0,271,"39,8",21
0,11,1630583100.0,271,"39,8",21
0,11,1630584000.0,310,"45,6",26
0,11,1630584900.0,310,"45,6",26
0,11,1630585800.0,310,"45,6",26
0,13,1630586700.0,315,"46,2",27
0,13,1630587600.0,315,"46,2",27
0,13,1630588500.0,315,"46,2",27
0,14,1630589400.0,329,"48,3",28
0,14,1630590300.0,329,"48,3",28
0,14,1630591200.0,329,"48,3",28
0,14,1630592100.0,390,"57,3",29
0,14,1630593000.0,390,"57,3",29
0,14,1630593900.0,390,"57,3",29
0,14,1630594800.0,397,"58,4",30
0,14,1630595700.0,397,"58,4",30
0,14,1630596600.0,397,"58,4",30
0,13,1630597500.0,460,"67,6",32
0,13,1630598400.0,460,"67,6",32
0,13,1630599300.0,460,"67,6",32
0,12,1630600200.0,554,"81,5",35
0,12,1630601100.0,554,"81,5",35
0,12,1630602000.0,554,"81,5",35
0,12,1630602900.0,645,"94,7",38
0,12,1630603800.0,645,"94,7",38
0,12,1630604700.0,664,"97,6",38
0,12,1630605600.0,664,"97,6",38
0,12,1630606500.0,664,"97,6",38
0,13,1630607400.0,668,"98,2",38
0,13,1630608300.0,668,"98,2",38
0,13,1630609200.0,668,"98,2",38
0,12,1630610100.0,867,"127,4",39
0,12,1630611000.0,867,"127,4",39
0,12,1630611900.0,867,"127,4",39
0,12,1630612800.0,943,"138,7",41
0,12,1630613700.0,943,"138,7",41
0,12,1630614600.0,943,"138,7",41
0,7,1630615500.0,1.484,"218,2",48
0,7,1630616400.0,1.484,"218,2",48
0,7,1630617300.0,1.484,"218,2",48
0,6,1630618200.0,1.752,"257,6",51
0,6,1630619100.0,1.752,"257,6",51
0,6,1630620000.0,1.752,"257,6",51
0,5,1630620900.0,1.982,"291,4",52
0,5,1630621800.0,1.982,"291,4",52
0,5,1630622700.0,1.982,"291,4",52
0,5,1630623600.0,1.982,"291,4",52
0,5,1630624500.0,1.982,"291,4",52
0,5,1630625400.0,1.982,"291,4",52
0,5,1630626300.0,1.982,"291,4",52
0,5,1630627200.0,1.982,"291,4",52
0,5,1630628100.0,1.982,"291,4",52
0,5,1630629000.0,1.982,"291,4",52
0,5,1630629900.0,1.982,"291,4",52
0,5,1630630800.0,1.982,"291,4",52
0,5,1630631700.0,1.982,"291,4",52
0,5,1630632600.0,1.982,"291,4",52
0,5,1630633500.0,1.982,"291,4",52
0,5,1630634400.0,1.982,"291,4",52
0,5,1630635300.0,1.982,"291,4",52
0,5,1630636200.0,1.982,"291,4",52
0,5,1630637100.0,1.982,"291,4",52
0,5,1630638000.0,1.982,"291,4",52
0,5,1630638900.0,1.982,"291,4",52
0,5,1630639800.0,1.982,"291,4",52
0,5,1630640700.0,1.982,"291,4",52
0,5,1630641600.0,1.982,"291,4",52
0,5,1630642500.0,1.982,"291,4",52
0,5,1630643400.0,1.982,"291,4",52
0,5,1630644300.0,1.982,"291,4",52
0,5,1630645200.0,1.982,"291,4",52
0,5,1630646100.0,1.982,"291,4",52
0,6,1630647000.0,2.054,"302,0",52
0,6,1630647900.0,2.054,"302,0",52
0,6,1630648800.0,2.056,"302,2",52
0,6,1630649700.0,2.056,"302,2",52
0,6,1630650600.0,2.056,"302,2",52
0,6,1630651500.0,2.101,"308,8",53
0,6,1630652400.0,2.101,"308,8",53
0,6,1630653300.0,2.101,"308,8",53
0,6,1630654200.0,2.214,"325,5",56
0,6,1630655100.0,2.214,"325,5",56
0,6,1630656000.0,2.214,"325,5",56
0,6,1630656900.0,2.249,"330,6",56
0,6,1630657800.0,2.249,"330,6",56
0,6,1630658700.0,2.249,"330,6",56
0,6,1630659600.0,2.347,"345,0",57
0,6,1630660500.0,2.347,"345,0",57
0,6,1630661400.0,2.347,"345,0",57
0,6,1630662300.0,2.347,"345,0",57
0,6,1630663200.0,2.347,"345,0",57
0,6,1630664100.0,2.347,"345,0",57
0,7,1630665000.0,2.383,"350,3",58
0,7,1630665900.0,2.383,"350,3",58
0,7,1630666800.0,2.383,"350,3",58
0,7,1630667700.0,2.422,"356,1",58
0,7,1630668600.0,2.422,"356,1",58
0,7,1630669500.0,2.422,"356,1",58
0,7,1630670400.0,2.468,"362,8",58
0,7,1630671840.0,2.468,"362,8",58
0,7,1630672200.0,2.468,"362,8",58
0,7,1630673100.0,2.468,"362,8",58
0,7,1630674000.0,2.468,"362,8",58
0,7,1630674900.0,2.468,"362,8",58
0,7,1630675800.0,2.514,"369,6",58
0,7,1630676700.0,2.514,"369,6",58
0,8,1630677600.0,2.603,"382,7",58
0,8,1630678500.0,2.603,"382,7",58
0,8,1630679400.0,2.603,"382,7",58
0,8,1630680300.0,2.697,"396,5",58
0,8,1630681200.0,2.697,"396,5",58
0,8,1630682100.0,2.697,"396,5",58
0,8,1630683000.0,2.818,"414,3",59
0,8,1630683900.0,2.818,"414,3",59
0,8,1630684800.0,2.818,"414,3",59
0,8,1630685700.0,2.825,"415,3",60
0,8,1630686600.0,2.825,"415,3",60
0,8,1630687500.0,2.825,"415,3",60
0,7,1630688400.0,3.170,"465,9",62
0,7,1630689300.0,3.170,"465,9",62
0,7,1630690200.0,3.170,"465,9",62
0,7,1630691100.0,3.355,"493,1",62
0,7,1630692000.0,3.355,"493,1",62
0,7,1630692900.0,3.355,"493,1",62
0,7,1630693800.0,3.574,"525,3",63
0,7,1630694700.0,3.574,"525,3",63
0,7,1630695600.0,3.574,"525,3",63
0,7,1630696500.0,3.628,"533,3",63
0,7,1630697400.0,3.628,"533,3",63
0,7,1630698300.0,3.628,"533,3",63
0,7,1630699200.0,3.956,"581,6",66
0,7,1630700100.0,3.956,"581,6",66
0,7,1630701000.0,3.956,"581,6",66
0,7,1630701900.0,4.052,"595,7",66
0,7,1630702800.0,4.052,"595,7",66
0,7,1630703700.0,4.052,"595,7",66
0,8,1630704600.0,4.084,"600,3",66
0,8,1630705500.0,4.084,"600,3",66
0,8,1630706400.0,4.084,"600,3",66
0,8,1630707300.0,4.084,"600,3",66
0,8,1630708200.0,4.084,"600,3",66
0,8,1630709100.0,4.125,"606,4",66
0,8,1630710000.0,4.125,"606,4",66
0,8,1630710900.0,4.125,"606,4",66
0,8,1630711800.0,4.125,"606,4",66
0,8,1630712700.0,4.125,"606,4",66
0,8,1630713600.0,4.125,"606,4",66
0,8,1630714500.0,4.125,"606,4",66
0,8,1630715400.0,4.125,"606,4",66
0,8,1630716300.0,4.125,"606,4",66
0,8,1630717200.0,4.143,"609,0",66
0,8,1630718100.0,4.143,"609,0",66
0,8,1630719000.0,4.143,"609,0",66
0,8,1630719900.0,4.143,"609,0",66
0,8,1630720800.0,4.143,"609,0",66
0,8,1630721700.0,4.143,"609,0",66
0,8,1630722600.0,4.143,"609,0",66
0,8,1630723500.0,4.143,"609,0",66
0,8,1630724400.0,4.143,"609,0",66
0,8,1630725300.0,4.143,"609,0",66
0,8,1630726200.0,4.143,"609,0",66
0,8,1630727100.0,4.143,"609,0",66
0,8,1630728000.0,4.143,"609,0",66
0,8,1630728900.0,4.143,"609,0",66
0,8,1630729800.0,4.143,"609,0",66
0,8,1630730700.0,4.143,"609,0",66
0,8,1630731600.0,4.143,"609,0",66
0,8,1630732500.0,4.143,"609,0",66
0,8,1630733400.0,4.143,"609,0",66
0,8,1630734300.0,4.143,"609,0",66
0,8,1630735200.0,4.143,"609,0",66
0,8,1630736100.0,4.143,"609,0",66
0,8,1630737000.0,4.143,"609,0",66
0,8,1630737900.0,4.162,"611,8",66
0,8,1630738800.0,4.162,"611,8",66
0,8,1630739700.0,4.162,"611,8",66
0,8,1630740600.0,4.185,"615,2",67
0,8,1630741500.0,4.185,"615,2",67
0,8,1630742400.0,4.185,"615,2",67
0,8,1630743300.0,4.269,"627,6",68
0,8,1630744200.0,4.269,"627,6",68
0,8,1630745100.0,4.269,"627,6",68
0,8,1630746000.0,4.269,"627,6",68
0,8,1630746900.0,4.269,"627,6",68
0,8,1630747800.0,4.269,"627,6",68
0,8,1630748700.0,4.380,"643,8",69
0,8,1630749600.0,4.380,"643,8",69
0,8,1630750500.0,4.380,"643,8",69
0,8,1630751400.0,4.418,"649,4",70
0,8,1630752300.0,4.418,"649,4",70
0,8,1630753200.0,4.418,"649,4",70
0,8,1630754100.0,4.465,"656,4",70
0,8,1630755000.0,4.465,"656,4",70
0,8,1630755900.0,4.503,"661,9",70
0,8,1630756800.0,4.503,"661,9",70
0,8,1630757700.0,4.503,"661,9",70
0,8,1630758600.0,4.503,"661,9",70
0,8,1630759500.0,4.503,"661,9",70
0,8,1630760400.0,4.503,"661,9",70
0,8,1630761300.0,4.506,"662,4",70
0,8,1630762200.0,4.506,"662,4",70
0,8,1630763100.0,4.506,"662,4",70
0,8,1630764000.0,4.607,"677,2",71
0,8,1630764900.0,4.607,"677,2",71
0,8,1630765800.0,4.607,"677,2",71
0,8,1630766700.0,4.743,"697,2",71
0,8,1630767600.0,4.743,"697,2",71
0,8,1630768500.0,4.743,"697,2",71
0,8,1630769400.0,4.743,"697,2",71
0,8,1630770300.0,4.743,"697,2",71
0,8,1630771200.0,4.872,"716,2",71
0,8,1630772100.0,4.872,"716,2",71
0,8,1630773000.0,4.872,"716,2",71
0,8,1630773900.0,5.333,"784,0",71
0,8,1630774800.0,5.333,"784,0",71
0,8,1630775700.0,5.333,"784,0",71
0,8,1630776600.0,5.718,"840,6",71
0,8,1630777500.0,5.718,"840,6",71
0,8,1630778400.0,5.718,"840,6",71
0,8,1630779300.0,5.843,"858,9",71
0,8,1630780200.0,5.843,"858,9",71
0,8,1630781100.0,5.843,"858,9",71
0,8,1630782000.0,5.843,"858,9",71
0,8,1630782900.0,5.843,"858,9",71
0,8,1630783800.0,5.843,"858,9",71
0,8,1630784700.0,6.108,"897,9",71
0,8,1630785600.0,6.108,"897,9",71
0,8,1630786500.0,6.108,"897,9",71
0,8,1630787400.0,6.135,"901,8",71
0,8,1630788300.0,6.135,"901,8",71
0,8,1630789200.0,6.135,"901,8",71
0,8,1630790100.0,6.217,"913,9",72
0,8,1630791000.0,6.217,"913,9",72
0,8,1630791900.0,6.217,"913,9",72
0,8,1630792800.0,6.217,"913,9",72
0,8,1630793700.0,6.217,"913,9",72
0,8,1630794600.0,6.217,"913,9",72
0,8,1630795500.0,6.217,"913,9",72
0,8,1630796400.0,6.217,"913,9",72
0,8,1630797300.0,6.217,"913,9",72
0,8,1630798200.0,6.221,"914,5",72
0,8,1630799100.0,6.221,"914,5",72
0,8,1630800000.0,6.221,"914,5",72
0,8,1630800900.0,6.221,"914,5",72
0,8,1630801800.0,6.221,"914,5",72
0,8,1630802700.0,6.276,"922,6",72
0,8,1630803600.0,6.276,"922,6",72
0,8,1630804500.0,6.276,"922,6",72
0,8,1630805400.0,6.296,"925,5",72
0,8,1630806300.0,6.296,"925,5",72
0,8,1630807200.0,6.296,"925,5",72
0,8,1630808100.0,6.320,"929,0",72
0,8,1630809000.0,6.320,"929,0",72
0,8,1630809900.0,6.320,"929,0",72
0,8,1630810800.0,6.320,"929,0",72
0,8,1630811700.0,6.320,"929,0",72
0,8,1630812600.0,6.320,"929,0",72
0,8,1630813500.0,6.320,"929,0",72
0,8,1630814400.0,6.320,"929,0",72
0,8,1630815300.0,6.320,"929,0",72
0,8,1630816200.0,6.320,"929,0",72
0,8,1630817100.0,6.320,"929,0",72
0,8,1630818000.0,6.320,"929,0",72
0,8,1630818900.0,6.320,"929,0",72
0,8,1630819800.0,6.320,"929,0",72
0,8,1630820700.0,6.320,"929,0",72
0,8,1630821600.0,6.320,"929,0",72
0,8,1630822500.0,6.320,"929,0",72
0,8,1630823400.0,6.320,"929,0",72
0,8,1630824300.0,6.341,"932,1",72
0,8,1630825200.0,6.341,"932,1",72
0,8,1630826100.0,6.410,"942,2",72
0,8,1630827000.0,6.410,"942,2",72
0,8,1630827900.0,6.410,"942,2",72
0,8,1630828800.0,6.413,"942,7",72
0,8,1630829700.0,6.413,"942,7",72
0,8,1630830600.0,6.413,"942,7",72
0,8,1630831500.0,6.487,"953,6",72
0,8,1630832400.0,6.487,"953,6",72
0,8,1630833300.0,6.487,"953,6",72
0,8,1630834200.0,6.520,"958,4",72
0,8,1630835100.0,6.520,"958,4",72
0,8,1630836000.0,6.521,"958,5",72
0,8,1630836900.0,6.521,"958,5",72
0,8,1630837800.0,6.521,"958,5",72
0,8,1630838700.0,6.552,"963,2",72
0,8,1630839600.0,6.552,"963,2",72
0,8,1630840500.0,6.552,"963,2",72
0,8,1630841400.0,6.617,"972,7",73
0,8,1630842300.0,6.617,"972,7",73
0,8,1630843200.0,6.617,"972,7",73
0,8,1630844100.0,6.988,"1.027,2",75
0,8,1630845000.0,6.988,"1.027,2",75
0,8,1630845900.0,6.988,"1.027,2",75
0,8,1630846800.0,6.988,"1.027,2",75
0,8,1630847700.0,6.988,"1.027,2",75
0,8,1630848600.0,7.068,"1.039,0",75
0,8,1630849500.0,7.068,"1.039,0",75
0,8,1630850400.0,7.068,"1.039,0",75
0,8,1630851300.0,7.290,"1.071,6",77
0,8,1630852200.0,7.290,"1.071,6",77
0,8,1630853100.0,7.290,"1.071,6",77
0,8,1630854000.0,7.390,"1.086,4",77
0,8,1630854900.0,7.390,"1.086,4",77
0,8,1630855800.0,7.390,"1.086,4",77
0,8,1630856700.0,7.474,"1.098,7",77
0,8,1630857600.0,7.474,"1.098,7",77
0,8,1630858500.0,7.474,"1.098,7",77
0,8,1630859400.0,7.476,"1.099,0",77
0,8,1630860300.0,7.476,"1.099,0",77
0,8,1630861200.0,7.476,"1.099,0",77
0,8,1630862100.0,7.538,"1.108,0",77
0,8,1630863000.0,7.538,"1.108,0",77
0,8,1630863900.0,7.538,"1.108,0",77
0,8,1630864800.0,7.544,"1.109,0",77
0,8,1630865700.0,7.544,"1.109,0",77
0,8,1630866600.0,7.544,"1.109,0",77
0,8,1630867500.0,7.685,"1.129,7",77
0,8,1630868400.0,7.685,"1.129,7",77
0,8,1630869300.0,7.685,"1.129,7",77
0,8,1630870200.0,7.714,"1.134,0",77
0,8,1630871100.0,7.714,"1.134,0",77
0,8,1630872000.0,7.714,"1.134,0",77
0,8,1630872900.0,7.811,"1.148,3",77
0,8,1630873800.0,7.811,"1.148,3",77
0,8,1630874700.0,7.811,"1.148,3",77
0,8,1630875600.0,7.968,"1.171,3",78
0,8,1630876500.0,7.968,"1.171,3",78
0,8,1630877400.0,7.968,"1.171,3",78
0,8,1630878300.0,8.013,"1.177,9",78
0,8,1630879200.0,8.013,"1.177,9",78
0,8,1630880100.0,8.013,"1.177,9",78
0,8,1630881000.0,8.019,"1.178,7",78
0,8,1630881900.0,8.019,"1.178,7",78
0,8,1630882800.0,8.019,"1.178,7",78
0,8,1630883700.0,8.019,"1.178,7",78
0,8,1630884600.0,8.019,"1.178,7",78
0,8,1630885500.0,8.019,"1.178,7",78
0,8,1630886400.0,8.019,"1.178,7",78
0,8,1630887300.0,8.019,"1.178,7",78
0,8,1630888200.0,8.019,"1.178,7",78
0,8,1630889100.0,8.019,"1.178,7",78
0,8,1630890000.0,8.019,"1.178,7",78
0,8,1630890900.0,8.019,"1.178,7",78
0,8,1630891800.0,8.019,"1.178,7",78
0,8,1630892700.0,8.019,"1.178,7",78
0,8,1630893600.0,8.019,"1.178,7",78
0,8,1630894500.0,8.019,"1.178,7",78
0,8,1630895400.0,8.019,"1.178,7",78
0,8,1630896300.0,8.019,"1.178,7",78
0,8,1630897200.0,8.019,"1.178,7",78
0,8,1630898100.0,8.019,"1.178,7",78
0,8,1630899000.0,8.019,"1.178,7",78
0,8,1630899900.0,8.019,"1.178,7",78
0,8,1630900800.0,8.019,"1.178,7",78
0,8,1630901700.0,8.019,"1.178,7",78
0,8,1630902600.0,8.019,"1.178,7",78
0,8,1630903500.0,8.019,"1.178,7",78
0,8,1630904400.0,8.054,"1.183,9",78
0,8,1630905300.0,8.054,"1.183,9",78
0,8,1630906200.0,8.054,"1.183,9",78
0,8,1630907100.0,8.067,"1.185,9",78
0,8,1630908000.0,8.067,"1.185,9",78
0,8,1630908900.0,8.067,"1.185,9",78
0,8,1630909800.0,8.220,"1.208,3",80
0,8,1630910700.0,8.220,"1.208,3",80
0,8,1630911600.0,8.220,"1.208,3",80
0,8,1630912500.0,8.220,"1.208,3",80
0,8,1630913400.0,8.220,"1.208,3",80
0,8,1630914300.0,8.220,"1.208,3",80
0,8,1630915200.0,8.226,"1.209,2",80
0,8,1630916100.0,8.226,"1.209,2",80
0,8,1630917000.0,8.226,"1.209,2",80
0,8,1630917900.0,8.338,"1.225,7",80
0,8,1630918800.0,8.338,"1.225,7",80
0,8,1630919700.0,8.338,"1.225,7",80
0,8,1630920600.0,8.353,"1.227,8",80
0,8,1630921500.0,8.353,"1.227,8",80
0,8,1630922400.0,8.353,"1.227,8",80
0,8,1630923300.0,8.428,"1.238,9",80
0,8,1630924260.0,8.428,"1.238,9",80
0,8,1630925100.0,8.428,"1.238,9",80
0,8,1630926000.0,8.428,"1.238,9",80
0,8,1630926900.0,8.428,"1.238,9",80
0,8,1630927800.0,8.428,"1.238,9",80
0,8,1630928700.0,8.494,"1.248,7",81
0,8,1630929600.0,8.494,"1.248,7",81
0,8,1630930500.0,8.494,"1.248,7",81
0,8,1630931400.0,8.494,"1.248,7",81
0,8,1630932300.0,8.494,"1.248,7",81
0,8,1630933200.0,8.554,"1.257,4",81
0,8,1630934100.0,8.554,"1.257,4",81
0,8,1630935000.0,8.554,"1.257,4",81
0,8,1630935900.0,8.613,"1.266,2",81
0,8,1630936800.0,8.613,"1.266,2",81
0,8,1630937700.0,8.613,"1.266,2",81
0,8,1630938600.0,8.619,"1.267,1",81
0,8,1630939500.0,8.619,"1.267,1",81
0,8,1630940400.0,8.619,"1.267,1",81
0,8,1630941300.0,8.647,"1.271,1",82
0,8,1630942200.0,8.647,"1.271,1",82
0,8,1630943100.0,8.647,"1.271,1",82
0,8,1630944000.0,8.727,"1.282,9",82
0,8,1630944900.0,8.727,"1.282,9",82
0,8,1630945800.0,8.727,"1.282,9",82
0,8,1630946700.0,8.894,"1.307,5",83
0,8,1630947600.0,8.894,"1.307,5",83
0,8,1630948500.0,8.894,"1.307,5",83
0,8,1630949400.0,9.001,"1.323,2",83
0,8,1630950300.0,9.001,"1.323,2",83
0,8,1630951200.0,9.001,"1.323,2",83
0,8,1630952100.0,9.243,"1.358,7",83
0,8,1630953000.0,9.243,"1.358,7",83
0,8,1630953900.0,9.243,"1.358,7",83
0,8,1630954800.0,9.335,"1.372,3",83
0,8,1630955700.0,9.335,"1.372,3",83
0,8,1630956600.0,9.335,"1.372,3",83
0,8,1630957500.0,9.497,"1.396,1",83
0,8,1630958400.0,9.497,"1.396,1",83
0,8,1630959300.0,9.497,"1.396,1",83
0,8,1630960200.0,9.780,"1.437,7",83
0,8,1630961100.0,9.780,"1.437,7",83
0,8,1630962000.0,9.780,"1.437,7",83
0,8,1630962900.0,10.036,"1.475,3",83
0,8,1630963800.0,10.036,"1.475,3",83
0,8,1630964700.0,10.036,"1.475,3",83
0,8,1630965600.0,10.114,"1.486,8",83
0,8,1630966500.0,10.114,"1.486,8",83
0,8,1630967400.0,10.114,"1.486,8",83
0,8,1630968300.0,10.126,"1.488,5",83
0,8,1630969200.0,10.126,"1.488,5",83
0,8,1630970100.0,10.126,"1.488,5",83
0,8,1630971000.0,10.126,"1.488,5",83
0,8,1630971900.0,10.126,"1.488,5",83
0,8,1630972800.0,10.126,"1.488,5",83
0,8,1630973700.0,10.126,"1.488,5",83
0,8,1630974600.0,10.126,"1.488,5",83
0,8,1630975500.0,10.126,"1.488,5",83
0,8,1630976400.0,10.126,"1.488,5",83
0,8,1630977300.0,10.126,"1.488,5",83
0,8,1630978200.0,10.126,"1.488,5",83
0,8,1630979100.0,10.126,"1.488,5",83
0,8,1630980000.0,10.126,"1.488,5",83
0,8,1630980900.0,10.126,"1.488,5",83
0,8,1630981800.0,10.126,"1.488,5",83
0,8,1630982700.0,10.126,"1.488,5",83
0,8,1630983600.0,10.126,"1.488,5",83
0,8,1630984500.0,10.126,"1.488,5",83
0,8,1630985400.0,10.126,"1.488,5",83
0,8,1630986300.0,10.126,"1.488,5",83
0,8,1630987200.0,10.126,"1.488,5",83
0,8,1630988100.0,10.126,"1.488,5",83
0,8,1630989000.0,10.126,"1.488,5",83
0,8,1630989900.0,10.126,"1.488,5",83
0,8,1630990800.0,10.178,"1.496,1",83
0,8,1630991700.0,10.178,"1.496,1",83
0,8,1630992600.0,10.178,"1.496,1",83
0,8,1630993500.0,10.186,"1.497,3",83
0,8,1630994400.0,10.186,"1.497,3",83
0,8,1630995300.0,10.186,"1.497,3",83
0,8,1630996200.0,10.239,"1.505,1",83
0,8,1630997100.0,10.239,"1.505,1",83
0,8,1630998000.0,10.239,"1.505,1",83
0,8,1630998900.0,10.239,"1.505,1",83
0,8,1630999800.0,10.239,"1.505,1",83
0,8,1631000700.0,10.239,"1.505,1",83
0,8,1631001600.0,10.239,"1.505,1",83
0,8,1631002500.0,10.239,"1.505,1",83
0,8,1631003400.0,10.239,"1.505,1",83
0,8,1631004300.0,10.319,"1.516,9",83
0,8,1631005200.0,10.319,"1.516,9",83
0,8,1631006100.0,10.324,"1.517,7",84
0,8,1631007000.0,10.324,"1.517,7",84
0,8,1631007900.0,10.324,"1.517,7",84
0,8,1631008800.0,10.324,"1.517,7",84
0,8,1631009700.0,10.324,"1.517,7",84
0,8,1631010600.0,10.324,"1.517,7",84
0,8,1631011500.0,10.365,"1.523,6",84
0,8,1631012400.0,10.365,"1.523,6",84
0,8,1631013300.0,10.365,"1.523,6",84
0,8,1631014200.0,10.376,"1.525,2",84
0,8,1631015100.0,10.376,"1.525,2",84
0,8,1631016000.0,10.376,"1.525,2",84
0,8,1631016900.0,10.378,"1.525,5",84
0,8,1631017800.0,10.378,"1.525,5",84
0,8,1631018700.0,10.378,"1.525,5",84
0,8,1631019600.0,10.378,"1.525,5",84
0,8,1631020500.0,10.378,"1.525,5",84
0,8,1631021400.0,10.378,"1.525,5",84
0,8,1631022300.0,10.459,"1.537,4",84
0,8,1631023200.0,10.459,"1.537,4",84
0,8,1631024100.0,10.459,"1.537,4",84
0,8,1631025000.0,10.513,"1.545,3",84
0,8,1631025900.0,10.513,"1.545,3",84
0,8,1631026800.0,10.513,"1.545,3",84
0,8,1631027700.0,10.668,"1.568,2",84
0,8,1631028600.0,10.668,"1.568,2",84
0,8,1631029500.0,10.668,"1.568,2",84
0,8,1631030400.0,10.831,"1.592,2",85
0,8,1631031300.0,10.831,"1.592,2",85
0,8,1631032200.0,10.831,"1.592,2",85
0,8,1631033100.0,10.915,"1.604,5",85
0,8,1631034000.0,10.915,"1.604,5",85
0,8,1631034900.0,10.915,"1.604,5",85
0,8,1631035800.0,10.925,"1.606,0",85
0,8,1631036700.0,10.925,"1.606,0",85
0,8,1631037600.0,10.925,"1.606,0",85
0,8,1631038500.0,11.000,"1.616,9",86
0,8,1631039400.0,11.000,"1.616,9",86
0,8,1631040300.0,11.000,"1.616,9",86
0,8,1631041200.0,11.145,"1.638,3",86
0,8,1631042100.0,11.145,"1.638,3",86
0,8,1631043000.0,11.145,"1.638,3",86
0,8,1631043900.0,11.330,"1.665,5",86
0,8,1631044800.0,11.330,"1.665,5",86
0,8,1631045700.0,11.330,"1.665,5",86
0,8,1631046600.0,11.386,"1.673,7",86
0,8,1631047500.0,11.386,"1.673,7",86
0,8,1631048400.0,11.386,"1.673,7",86
0,8,1631049300.0,11.522,"1.693,8",86
0,8,1631050200.0,11.522,"1.693,8",86
0,8,1631051100.0,11.522,"1.693,8",86
0,8,1631052000.0,11.564,"1.699,9",86
0,8,1631052900.0,11.564,"1.699,9",86
0,8,1631053800.0,11.564,"1.699,9",86
0,8,1631054700.0,11.644,"1.711,6",86
0,8,1631055600.0,11.644,"1.711,6",86
0,8,1631056500.0,11.644,"1.711,6",86
0,8,1631057400.0,11.652,"1.712,9",86
0,8,1631058300.0,11.652,"1.712,9",86
0,8,1631059200.0,11.652,"1.712,9",86
0,8,1631060100.0,11.654,"1.713,1",86
0,8,1631061000.0,11.654,"1.713,1",86
0,8,1631061900.0,11.654,"1.713,1",86
0,8,1631062800.0,11.654,"1.713,1",86
0,8,1631063700.0,11.654,"1.713,1",86
0,8,1631064600.0,11.654,"1.713,1",86
0,8,1631065500.0,11.654,"1.713,1",86
0,8,1631066400.0,11.654,"1.713,1",86
0,8,1631067300.0,11.654,"1.713,1",86
0,8,1631068200.0,11.654,"1.713,1",86
0,8,1631069100.0,11.654,"1.713,1",86
0,8,1631070000.0,11.654,"1.713,1",86
0,8,1631070900.0,11.654,"1.713,1",86
0,8,1631071800.0,11.654,"1.713,1",86
0,8,1631072700.0,11.654,"1.713,1",86
0,8,1631073600.0,11.654,"1.713,1",86
0,8,1631074500.0,11.654,"1.713,1",86
0,8,1631075400.0,11.666,"1.714,9",86
0,8,1631076300.0,11.666,"1.714,9",86
0,9,1631349720.0,17.979,"2.643,0",93
0,9,1631349900.0,17.979,"2.643,0",93
0,9,1631350800.0,17.979,"2.643,0",93
0,9,1631351700.0,18.002,"2.646,3",93
0,9,1631352600.0,18.002,"2.646,3",93
0,9,1631353500.0,18.002,"2.646,3",93
0,9,1631354400.0,18.008,"2.647,2",93
0,9,1631355300.0,18.008,"2.647,2",93
0,9,1631356200.0,18.008,"2.647,2",93
0,9,1631357100.0,18.008,"2.647,2",93
0,9,1631358000.0,18.008,"2.647,2",93
0,9,1631358900.0,18.008,"2.647,2",93
0,9,1631359800.0,18.028,"2.650,1",93
0,9,1631360700.0,18.028,"2.650,1",93
0,9,1631361600.0,18.028,"2.650,1",93
0,9,1631362500.0,18.069,"2.656,2",94
0,9,1631363400.0,18.069,"2.656,2",94
0,9,1631364300.0,18.069,"2.656,2",94
0,9,1631365200.0,18.182,"2.672,7",94
0,9,1631366100.0,18.182,"2.672,7",94
0,9,1631367000.0,18.182,"2.672,7",94
0,9,1631367900.0,18.233,"2.680,2",94
0,9,1631368800.0,18.233,"2.680,2",94
0,9,1631369700.0,18.233,"2.680,2",94
0,9,1631370600.0,18.233,"2.680,2",94
0,9,1631371500.0,18.233,"2.680,2",94
0,9,1631372400.0,18.233,"2.680,2",94
0,9,1631373300.0,18.254,"2.683,3",94
0,9,1631374200.0,18.254,"2.683,3",94
0,9,1631375100.0,18.254,"2.683,3",94
0,9,1631376000.0,18.427,"2.708,7",94
0,9,1631376900.0,18.427,"2.708,7",94
0,9,1631377800.0,18.427,"2.708,7",94
0,9,1631378700.0,18.429,"2.709,1",94
0,9,1631379600.0,18.429,"2.709,1",94
0,9,1631380500.0,18.429,"2.709,1",94
0,9,1631381400.0,18.456,"2.713,1",94
0,9,1631382300.0,18.456,"2.713,1",94
0,9,1631383200.0,18.456,"2.713,1",94
0,9,1631384100.0,18.509,"2.720,8",94
0,9,1631385000.0,18.509,"2.720,8",94
0,9,1631385900.0,18.509,"2.720,8",94
0,9,1631386800.0,18.755,"2.757,0",95
0,9,1631387700.0,18.755,"2.757,0",95
0,9,1631388600.0,18.755,"2.757,0",95
0,9,1631389500.0,18.755,"2.757,0",95
0,9,1631390400.0,18.755,"2.757,0",95
0,9,1631391300.0,18.755,"2.757,0",95
0,9,1631392200.0,18.943,"2.784,6",95
0,9,1631393100.0,18.943,"2.784,6",95
0,9,1631394000.0,18.943,"2.784,6",95
0,9,1631394900.0,18.964,"2.787,8",95
0,9,1631395800.0,18.964,"2.787,8",95
0,9,1631396700.0,18.964,"2.787,8",95
0,9,1631397600.0,18.974,"2.789,2",95
0,9,1631398500.0,18.974,"2.789,2",95
0,9,1631399400.0,18.974,"2.789,2",95
0,9,1631400300.0,18.974,"2.789,2",95
0,9,1631401200.0,18.974,"2.789,2",95
0,9,1631402100.0,18.974,"2.789,2",95
0,9,1631403000.0,19.076,"2.804,2",95
0,9,1631403900.0,19.076,"2.804,2",95
0,9,1631404800.0,19.076,"2.804,2",95
0,9,1631405700.0,19.076,"2.804,2",95
0,9,1631406600.0,19.076,"2.804,2",95
0,9,1631407500.0,19.239,"2.828,1",95
0,9,1631408400.0,19.239,"2.828,1",95
0,9,1631409300.0,19.239,"2.828,1",95
0,9,1631410200.0,19.239,"2.828,1",95
0,9,1631411100.0,19.239,"2.828,1",95
0,9,1631412000.0,19.239,"2.828,1",95
0,9,1631412900.0,19.239,"2.828,1",95
0,9,1631413800.0,19.239,"2.828,1",95
0,9,1631414700.0,19.239,"2.828,1",95
0,9,1631415600.0,19.239,"2.828,1",95
0,9,1631416500.0,19.239,"2.828,1",95
0,9,1631417400.0,19.239,"2.828,1",95
0,9,1631418300.0,19.239,"2.828,1",95
0,9,1631419200.0,19.239,"2.828,1",95
0,9,1631420100.0,19.239,"2.828,1",95
0,9,1631421000.0,19.239,"2.828,1",95
0,9,1631421900.0,19.239,"2.828,1",95
0,9,1631422800.0,19.239,"2.828,1",95
0,9,1631423700.0,19.239,"2.828,1",95
0,9,1631424600.0,19.239,"2.828,1",95
0,9,1631425500.0,19.239,"2.828,1",95
0,9,1631426400.0,19.257,"2.830,8",95
0,9,1631427300.0,19.257,"2.830,8",95
0,9,1631428200.0,19.257,"2.830,8",95
0,9,1631429100.0,19.304,"2.837,7",95
0,9,1631430000.0,19.304,"2.837,7",95
0,9,1631430900.0,19.304,"2.837,7",95
0,9,1631431800.0,19.304,"2.837,7",95
0,9,1631432700.0,19.304,"2.837,7",95
0,9,1631433600.0,19.304,"2.837,7",95
0,9,1631434620.0,19.307,"2.838,1",95
0,9,1631435400.0,19.307,"2.838,1",95
0,9,1631436300.0,19.307,"2.838,1",95
0,9,1631437200.0,19.326,"2.840,9",95
0,9,1631438100.0,19.326,"2.840,9",95
0,9,1631439000.0,19.326,"2.840,9",95
0,9,1631439900.0,19.348,"2.844,2",95
0,9,1631440800.0,19.348,"2.844,2",95
0,9,1631441700.0,19.348,"2.844,2",95
0,9,1631442600.0,19.348,"2.844,2",95
0,9,1631443500.0,19.348,"2.844,2",95
0,9,1631444400.0,19.348,"2.844,2",95
0,9,1631445300.0,19.432,"2.856,4",95
0,9,1631446200.0,19.432,"2.856,4",95
0,9,1631447100.0,19.432,"2.856,4",95
0,9,1631448000.0,19.434,"2.856,8",95
0,9,1631448900.0,19.434,"2.856,8",95
0,9,1631449800.0,19.434,"2.856,8",95
0,9,1631450700.0,19.513,"2.868,5",95
0,9,1631451600.0,19.513,"2.868,5",95
0,9,1631452500.0,19.513,"2.868,5",95
0,9,1631453400.0,19.548,"2.873,5",95
0,9,1631454300.0,19.548,"2.873,5",95
0,9,1631455200.0,19.548,"2.873,5",95
0,9,1631456100.0,19.682,"2.893,3",95
0,9,1631457000.0,19.682,"2.893,3",95
0,9,1631457900.0,19.682,"2.893,3",95
0,9,1631458800.0,19.685,"2.893,7",95
0,9,1631459700.0,19.685,"2.893,7",95
0,9,1631460600.0,19.685,"2.893,7",95
0,9,1631461500.0,19.948,"2.932,4",95
0,9,1631462400.0,19.948,"2.932,4",95
0,9,1631463300.0,19.948,"2.932,4",95
0,9,1631464200.0,20.136,"2.959,9",95
0,9,1631465100.0,20.136,"2.959,9",95
0,9,1631466000.0,20.136,"2.959,9",95
0,9,1631466900.0,20.136,"2.959,9",95
0,9,1631467800.0,20.136,"2.959,9",95
0,9,1631468700.0,20.289,"2.982,4",95
0,9,1631469600.0,20.289,"2.982,4",95
0,9,1631470500.0,20.289,"2.982,4",95
0,9,1631471400.0,20.441,"3.004,9",95
0,9,1631472300.0,20.441,"3.004,9",95
0,9,1631473200.0,20.441,"3.004,9",95
0,9,1631474100.0,20.538,"3.019,1",95
0,9,1631475000.0,20.538,"3.019,1",95
0,9,1631475900.0,20.592,"3.027,0",95
0,9,1631476800.0,20.592,"3.027,0",95
0,9,1631477700.0,20.592,"3.027,0",95
0,9,1631478600.0,20.749,"3.050,0",95
0,9,1631479500.0,20.749,"3.050,0",95
0,9,1631480400.0,21.446,"3.152,5",95
0,9,1631481300.0,21.446,"3.152,5",95
0,9,1631482200.0,21.446,"3.152,5",95
0,9,1631483100.0,21.653,"3.183,0",95
0,9,1631484000.0,21.653,"3.183,0",95
0,9,1631484900.0,21.653,"3.183,0",95
0,9,1631485800.0,21.667,"3.185,1",95
0,9,1631486700.0,21.667,"3.185,1",95
0,9,1631487600.0,21.667,"3.185,1",95
0,9,1631488500.0,21.667,"3.185,1",95
0,9,1631489400.0,21.667,"3.185,1",95
0,9,1631490300.0,21.667,"3.185,1",95
0,9,1631491200.0,21.667,"3.185,1",95
0,9,1631492100.0,21.667,"3.185,1",95
0,9,1631493000.0,21.667,"3.185,1",95
0,9,1631493900.0,21.667,"3.185,1",95
0,9,1631494800.0,21.667,"3.185,1",95
0,9,1631495700.0,21.667,"3.185,1",95
0,9,1631496600.0,21.667,"3.185,1",95
0,9,1631497500.0,21.667,"3.185,1",95
0,9,1631498400.0,21.667,"3.185,1",95
0,9,1631499300.0,21.667,"3.185,1",95
0,9,1631500200.0,21.667,"3.185,1",95
0,9,1631501100.0,21.667,"3.185,1",95
0,9,1631502000.0,21.667,"3.185,1",95
0,9,1631502900.0,21.667,"3.185,1",95
0,9,1631503800.0,21.667,"3.185,1",95
0,9,1631504700.0,21.667,"3.185,1",95
0,9,1631505600.0,21.667,"3.185,1",95
0,9,1631506500.0,21.667,"3.185,1",95
0,9,1631507400.0,21.667,"3.185,1",95
0,9,1631508300.0,21.667,"3.185,1",95
0,9,1631509200.0,21.687,"3.188,0",95
0,9,1631510100.0,21.687,"3.188,0",95
0,9,1631511000.0,21.687,"3.188,0",95
0,9,1631511900.0,21.696,"3.189,3",95
0,9,1631512800.0,21.696,"3.189,3",95
0,9,1631513700.0,21.696,"3.189,3",95
0,9,1631514660.0,21.712,"3.191,6",95
0,9,1631515500.0,21.712,"3.191,6",95
0,9,1631516400.0,21.712,"3.191,6",95
0,9,1631517300.0,21.716,"3.192,2",95
0,9,1631518200.0,21.716,"3.192,2",95
0,9,1631519100.0,21.716,"3.192,2",95
0,9,1631520000.0,21.716,"3.192,2",95
0,9,1631520900.0,21.716,"3.192,2",95
0,9,1631521800.0,21.716,"3.192,2",95
0,9,1631522700.0,21.731,"3.194,4",95
0,9,1631523600.0,21.731,"3.194,4",95
0,9,1631524500.0,21.731,"3.194,4",95
0,9,1631525400.0,21.731,"3.194,4",95
0,9,1631526300.0,21.731,"3.194,4",95
0,9,1631527200.0,21.761,"3.198,8",95
0,9,1631528100.0,21.761,"3.198,8",95
0,9,1631529000.0,21.761,"3.198,8",95
0,10,1631529900.0,21.781,"3.201,8",95
0,10,1631530800.0,21.781,"3.201,8",95
0,10,1631531700.0,21.781,"3.201,8",95
0,10,1631532600.0,21.824,"3.208,2",95
0,10,1631533500.0,21.824,"3.208,2",95
0,10,1631534400.0,21.824,"3.208,2",95
0,10,1631535300.0,21.824,"3.208,2",95
0,10,1631536200.0,21.824,"3.208,2",95
0,10,1631537100.0,21.824,"3.208,2",95
0,10,1631538000.0,21.851,"3.212,1",95
0,10,1631538900.0,21.851,"3.212,1",95
0,10,1631539800.0,21.851,"3.212,1",95
0,10,1631540700.0,21.851,"3.212,1",95
0,10,1631541600.0,21.851,"3.212,1",95
0,10,1631542500.0,21.851,"3.212,1",95
0,10,1631543400.0,21.868,"3.214,5",95
0,10,1631544300.0,21.868,"3.214,5",95
0,10,1631545200.0,21.868,"3.214,5",95
0,10,1631546100.0,21.897,"3.218,9",95
0,10,1631547000.0,21.897,"3.218,9",95
0,10,1631547900.0,21.897,"3.218,9",95
0,10,1631548800.0,21.989,"3.232,3",95
0,10,1631549700.0,21.989,"3.232,3",95
0,10,1631550600.0,21.989,"3.232,3",95
0,10,1631551500.0,21.997,"3.233,5",95
0,10,1631552400.0,21.997,"3.233,5",95
0,10,1631553300.0,21.997,"3.233,5",95
0,10,1631554200.0,22.042,"3.240,1",95
0,10,1631555100.0,22.042,"3.240,1",95
0,10,1631556000.0,22.042,"3.240,1",95
0,10,1631556900.0,22.279,"3.275,0",96
0,10,1631557800.0,22.279,"3.275,0",96
0,10,1631558700.0,22.361,"3.287,1",96
0,10,1631559600.0,22.361,"3.287,1",96
0,10,1631560500.0,22.361,"3.287,1",96
0,10,1631561400.0,22.534,"3.312,5",96
0,10,1631562300.0,22.534,"3.312,5",96
0,10,1631563200.0,22.534,"3.312,5",96
0,10,1631564100.0,22.534,"3.312,5",96
0,10,1631565000.0,22.534,"3.312,5",96
0,10,1631565900.0,22.534,"3.312,5",96
0,10,1631566800.0,22.649,"3.329,3",96
0,10,1631567700.0,22.649,"3.329,3",96
0,10,1631568600.0,22.649,"3.329,3",96
0,10,1631569500.0,22.767,"3.346,7",96
0,10,1631570400.0,22.767,"3.346,7",96
0,10,1631571300.0,22.767,"3.346,7",96
0,10,1631572200.0,22.940,"3.372,2",96
0,10,1631573100.0,22.940,"3.372,2",96
0,10,1631574000.0,22.940,"3.372,2",96
0,10,1631574900.0,22.940,"3.372,2",96
0,10,1631575800.0,22.940,"3.372,2",96
0,10,1631576700.0,22.940,"3.372,2",96
0,10,1631577600.0,22.940,"3.372,2",96
0,10,1631578500.0,22.940,"3.372,2",96
0,10,1631579400.0,22.940,"3.372,2",96
0,10,1631580300.0,22.940,"3.372,2",96
0,10,1631581200.0,22.940,"3.372,2",96
0,10,1631582100.0,22.940,"3.372,2",96
0,10,1631583000.0,22.940,"3.372,2",96
0,10,1631583900.0,22.940,"3.372,2",96
0,10,1631584800.0,22.940,"3.372,2",96
0,10,1631585700.0,22.966,"3.376,0",96
0,10,1631586600.0,22.966,"3.376,0",96
0,10,1631587500.0,22.966,"3.376,0",96
0,10,1631588400.0,22.966,"3.376,0",96
0,10,1631589300.0,22.966,"3.376,0",96
0,10,1631590200.0,22.966,"3.376,0",96
0,10,1631591100.0,22.966,"3.376,0",96
0,10,1631592000.0,22.966,"3.376,0",96
0,10,1631592900.0,22.966,"3.376,0",96
0,10,1631593800.0,22.966,"3.376,0",96
0,10,1631594700.0,22.966,"3.376,0",96
0,10,1631595600.0,22.966,"3.376,0",96
0,10,1631596500.0,22.966,"3.376,0",96
0,10,1631597400.0,22.974,"3.377,2",96
0,10,1631598300.0,22.974,"3.377,2",96
0,10,1631599200.0,22.974,"3.377,2",96
0,10,1631600100.0,23.129,"3.400,0",96
0,10,1631601000.0,23.129,"3.400,0",96
0,10,1631601900.0,23.178,"3.407,1",96
0,10,1631602800.0,23.178,"3.407,1",96
0,10,1631603700.0,23.178,"3.407,1",96
0,10,1631604600.0,23.211,"3.412,0",96
0,10,1631605500.0,23.211,"3.412,0",96
0,10,1631606400.0,23.211,"3.412,0",96
0,10,1631607300.0,23.268,"3.420,4",96
0,10,1631608200.0,23.268,"3.420,4",96
0,10,1631609100.0,23.268,"3.420,4",96
0,10,1631610000.0,23.268,"3.420,4",96
0,10,1631610900.0,23.268,"3.420,4",96
0,10,1631611800.0,23.268,"3.420,4",96
0,10,1631612700.0,23.268,"3.420,4",96
0,10,1631613600.0,23.268,"3.420,4",96
0,10,1631614500.0,23.306,"3.426,0",96
0,10,1631615400.0,23.306,"3.426,0",96
0,10,1631616300.0,23.306,"3.426,0",96
0,10,1631617200.0,23.306,"3.426,0",96
0,10,1631618100.0,23.306,"3.426,0",96
0,10,1631619000.0,23.306,"3.426,0",96
0,10,1631619900.0,23.306,"3.426,0",96
0,10,1631620800.0,23.306,"3.426,0",96
0,10,1631621700.0,23.306,"3.426,0",96
0,10,1631622600.0,23.328,"3.429,2",96
0,10,1631623500.0,23.328,"3.429,2",96
0,10,1631624400.0,23.328,"3.429,2",96
0,10,1631625300.0,23.346,"3.431,9",96
0,10,1631626200.0,23.346,"3.431,9",96
0,10,1631627100.0,23.346,"3.431,9",96
0,10,1631628000.0,23.353,"3.432,9",96
0,10,1631628900.0,23.353,"3.432,9",96
0,10,1631629800.0,23.353,"3.432,9",96
0,10,1631630700.0,23.364,"3.434,5",96
0,10,1631631600.0,23.364,"3.434,5",96
0,10,1631632500.0,23.364,"3.434,5",96
0,10,1631633400.0,23.488,"3.452,8",96
0,10,1631634300.0,23.488,"3.452,8",96
0,10,1631635200.0,23.488,"3.452,8",96
0,10,1631636100.0,23.562,"3.463,7",96
0,10,1631637000.0,23.562,"3.463,7",96
0,10,1631637900.0,23.562,"3.463,7",96
0,10,1631638800.0,23.612,"3.470,9",96
0,10,1631639700.0,23.612,"3.470,9",96
0,10,1631640600.0,23.612,"3.470,9",96
0,10,1631641500.0,23.915,"3.515,5",96
0,10,1631642400.0,23.915,"3.515,5",96
0,10,1631643300.0,23.915,"3.515,5",96
0,10,1631644200.0,23.939,"3.519,0",96
0,10,1631645100.0,23.939,"3.519,0",96
0,10,1631646000.0,23.939,"3.519,0",96
0,10,1631646900.0,24.061,"3.537,0",96
0,10,1631647800.0,24.061,"3.537,0",96
0,10,1631648700.0,24.061,"3.537,0",96
0,10,1631649600.0,24.175,"3.553,7",96
0,10,1631650500.0,24.175,"3.553,7",96
0,10,1631651400.0,24.175,"3.553,7",96
0,10,1631652300.0,24.291,"3.570,8",96
0,10,1631653200.0,24.291,"3.570,8",96
0,10,1631654100.0,24.291,"3.570,8",96
0,10,1631655000.0,24.405,"3.587,5",96
0,10,1631655900.0,24.405,"3.587,5",96
0,10,1631656800.0,24.405,"3.587,5",96
0,10,1631657700.0,24.405,"3.587,5",96
0,10,1631658600.0,24.405,"3.587,5",96
0,10,1631659500.0,24.411,"3.588,3",96
0,10,1631660400.0,24.411,"3.588,3",96
0,10,1631661300.0,24.411,"3.588,3",96
0,10,1631662200.0,24.411,"3.588,3",96
0,10,1631663100.0,24.411,"3.588,3",96
0,10,1631664000.0,24.411,"3.588,3",96
0,10,1631664900.0,24.411,"3.588,3",96
0,10,1631665800.0,24.411,"3.588,3",96
0,10,1631666700.0,24.411,"3.588,3",96
0,10,1631667600.0,24.411,"3.588,3",96
0,10,1631668500.0,24.411,"3.588,3",96
0,10,1631669400.0,24.411,"3.588,3",96
0,10,1631670300.0,24.411,"3.588,3",96
0,10,1631671200.0,24.411,"3.588,3",96
0,10,1631672100.0,24.411,"3.588,3",96
0,10,1631673000.0,24.411,"3.588,3",96
0,10,1631673900.0,24.411,"3.588,3",96
0,10,1631674800.0,24.411,"3.588,3",96
0,10,1631675700.0,24.411,"3.588,3",96
0,10,1631676600.0,24.411,"3.588,3",96
0,10,1631677500.0,24.411,"3.588,3",96
0,10,1631678400.0,24.411,"3.588,3",96
0,10,1631679300.0,24.411,"3.588,3",96
0,10,1631680200.0,24.411,"3.588,3",96
0,10,1631681100.0,24.411,"3.588,3",96
0,10,1631682000.0,24.411,"3.588,3",96
0,10,1631682900.0,24.411,"3.588,3",96
0,10,1631683800.0,24.499,"3.601,4",96
0,10,1631684700.0,24.499,"3.601,4",96
0,10,1631685600.0,24.499,"3.601,4",96
0,10,1631686500.0,24.502,"3.601,7",96
0,10,1631687400.0,24.502,"3.601,7",96
0,10,1631688300.0,24.502,"3.601,7",96
0,10,1631689200.0,24.542,"3.607,7",96
0,10,1631690100.0,24.542,"3.607,7",96
0,10,1631691000.0,24.542,"3.607,7",96
0,10,1631691900.0,24.623,"3.619,6",96
0,10,1631692800.0,24.623,"3.619,6",96
0,10,1631693700.0,24.623,"3.619,6",96
0,10,1631694600.0,24.623,"3.619,6",96
0,10,1631695500.0,24.623,"3.619,6",96
0,10,1631696400.0,24.671,"3.626,6",96
0,10,1631697300.0,24.671,"3.626,6",96
0,10,1631698200.0,24.671,"3.626,6",96
0,10,1631699100.0,24.718,"3.633,6",96
0,10,1631700000.0,24.718,"3.633,6",96
0,10,1631700900.0,24.718,"3.633,6",96
0,10,1631701800.0,24.725,"3.634,5",96
0,10,1631702700.0,24.725,"3.634,5",96
0,10,1631703600.0,24.742,"3.637,1",96
0,10,1631704500.0,24.742,"3.637,1",96
0,10,1631705400.0,24.742,"3.637,1",96
0,10,1631706300.0,24.749,"3.638,1",96
0,10,1631707200.0,24.749,"3.638,1",96
0,10,1631708100.0,24.749,"3.638,1",96
0,10,1631709000.0,24.764,"3.640,2",96
0,10,1631709900.0,24.764,"3.640,2",96
0,10,1631710800.0,24.764,"3.640,2",96
0,10,1631711700.0,24.796,"3.645,1",96
0,10,1631712600.0,24.796,"3.645,1",96
0,10,1631713500.0,24.796,"3.645,1",96
0,10,1631714400.0,24.825,"3.649,3",96
0,10,1631715300.0,24.825,"3.649,3",96
0,10,1631716200.0,24.825,"3.649,3",96
0,10,1631717100.0,24.841,"3.651,6",96
0,10,1631718000.0,24.841,"3.651,6",96
0,10,1631718900.0,25.063,"3.684,3",96
0,10,1631719800.0,25.063,"3.684,3",96
0,10,1631720700.0,25.063,"3.684,3",96
0,10,1631721600.0,25.074,"3.685,9",96
0,10,1631722500.0,25.074,"3.685,9",96
0,10,1631723400.0,25.074,"3.685,9",96
0,10,1631724300.0,25.189,"3.702,8",96
0,10,1631725200.0,25.189,"3.702,8",96
0,10,1631726100.0,25.189,"3.702,8",96
0,10,1631727000.0,25.189,"3.702,8",96
0,10,1631727900.0,25.189,"3.702,8",96
0,10,1631728800.0,25.189,"3.702,8",96
0,10,1631729700.0,25.236,"3.709,7",96
0,10,1631730600.0,25.236,"3.709,7",96
0,10,1631731500.0,25.236,"3.709,7",96
0,10,1631732400.0,25.268,"3.714,5",96
0,10,1631733300.0,25.268,"3.714,5",96
0,10,1631734200.0,25.268,"3.714,5",96
0,10,1631735100.0,25.410,"3.735,2",96
0,10,1631736000.0,25.410,"3.735,2",96
0,10,1631736900.0,25.410,"3.735,2",96
0,10,1631737800.0,25.468,"3.743,8",96
0,10,1631738700.0,25.468,"3.743,8",96
0,10,1631739600.0,25.468,"3.743,8",96
0,10,1631740500.0,25.530,"3.753,0",96
0,10,1631741400.0,25.530,"3.753,0",96
0,10,1631742300.0,25.530,"3.753,0",96
0,10,1631743200.0,25.543,"3.754,8",96
0,10,1631744100.0,25.543,"3.754,8",96
0,10,1631745000.0,25.549,"3.755,7",96
0,10,1631745900.0,25.549,"3.755,7",96
0,10,1631746800.0,25.549,"3.755,7",96
0,10,1631747700.0,25.782,"3.790,0",96
0,10,1631748600.0,25.782,"3.790,0",96
0,10,1631749500.0,25.782,"3.790,0",96
0,10,1631750400.0,25.782,"3.790,0",96
0,10,1631751300.0,25.782,"3.790,0",96
0,10,1631752200.0,25.782,"3.790,0",96
0,10,1631753100.0,25.782,"3.790,0",96
0,10,1631754000.0,25.782,"3.790,0",96
0,10,1631754900.0,25.782,"3.790,0",96
0,10,1631755800.0,25.782,"3.790,0",96
0,10,1631756700.0,25.782,"3.790,0",96
0,10,1631757600.0,25.782,"3.790,0",96
0,10,1631758500.0,25.782,"3.790,0",96
0,10,1631759400.0,25.782,"3.790,0",96
0,10,1631760300.0,25.782,"3.790,0",96
0,10,1631761200.0,25.782,"3.790,0",96
0,10,1631762100.0,25.782,"3.790,0",96
0,10,1631763060.0,25.782,"3.790,0",96
0,10,1631763900.0,25.782,"3.790,0",96
0,10,1631765040.0,25.782,"3.790,0",96
0,10,1631765700.0,25.782,"3.790,0",96
0,10,1631766600.0,25.782,"3.790,0",96
0,10,1631767500.0,25.782,"3.790,0",96
0,10,1631768400.0,25.782,"3.790,0",96
0,10,1631769300.0,25.782,"3.790,0",96
0,10,1631770200.0,25.808,"3.793,8",96
0,10,1631771100.0,25.808,"3.793,8",96
0,10,1631772000.0,25.808,"3.793,8",96
0,10,1631772900.0,25.812,"3.794,3",96
0,10,1631773800.0,25.812,"3.794,3",96
0,10,1631774700.0,25.812,"3.794,3",96
0,9,1631775600.0,25.838,"3.798,2",96
0,9,1631776500.0,25.838,"3.798,2",96
0,9,1631777400.0,25.838,"3.798,2",96
0,9,1631778300.0,25.902,"3.807,6",96
0,9,1631779200.0,25.902,"3.807,6",96
0,9,1631780100.0,25.902,"3.807,6",96
0,9,1631781000.0,25.928,"3.811,4",96
0,9,1631781900.0,25.928,"3.811,4",96
0,9,1631782800.0,25.984,"3.819,6",97
0,9,1631783700.0,25.984,"3.819,6",97
0,9,1631784600.0,25.984,"3.819,6",97
0,9,1631785500.0,25.988,"3.820,2",97
0,9,1631786400.0,25.988,"3.820,2",97
0,9,1631787300.0,25.988,"3.820,2",97
0,9,1631788200.0,26.031,"3.826,6",97
0,9,1631789100.0,26.031,"3.826,6",97
0,9,1631790000.0,26.031,"3.826,6",97
0,9,1631790900.0,26.051,"3.829,5",97
0,9,1631791800.0,26.051,"3.829,5",97
0,9,1631792700.0,26.051,"3.829,5",97
0,9,1631793600.0,26.082,"3.834,1",97
0,9,1631794500.0,26.082,"3.834,1",97
0,9,1631795400.0,26.164,"3.846,1",97
0,9,1631796300.0,26.164,"3.846,1",97
0,9,1631797200.0,26.164,"3.846,1",97
0,9,1631798100.0,26.203,"3.851,8",97
0,9,1631799000.0,26.203,"3.851,8",97
0,9,1631799900.0,26.203,"3.851,8",97
0,9,1631800800.0,26.227,"3.855,3",97
0,9,1631801700.0,26.227,"3.855,3",97
0,9,1631802600.0,26.227,"3.855,3",97
0,9,1631803500.0,26.440,"3.886,7",98
0,9,1631804400.0,26.440,"3.886,7",98
0,9,1631805300.0,26.440,"3.886,7",98
0,9,1631806200.0,26.440,"3.886,7",98
0,9,1631807100.0,26.440,"3.886,7",98
0,9,1631808000.0,26.440,"3.886,7",98
0,9,1631808900.0,26.440,"3.886,7",98
0,9,1631809800.0,26.440,"3.886,7",98
0,9,1631810700.0,26.440,"3.886,7",98
0,9,1631811600.0,26.512,"3.897,3",98
0,9,1631812500.0,26.512,"3.897,3",98
0,9,1631813400.0,26.512,"3.897,3",98
0,9,1631814300.0,26.580,"3.907,3",98
0,9,1631815200.0,26.580,"3.907,3",98
0,9,1631816100.0,26.580,"3.907,3",98
0,9,1631817000.0,26.696,"3.924,3",98
0,9,1631817900.0,26.696,"3.924,3",98
0,9,1631818800.0,26.696,"3.924,3",98
0,9,1631819700.0,26.737,"3.930,3",98
0,9,1631820600.0,26.737,"3.930,3",98
0,9,1631821500.0,26.737,"3.930,3",98
0,9,1631822400.0,26.901,"3.954,5",98
0,9,1631823300.0,26.901,"3.954,5",98
0,9,1631824200.0,27.000,"3.969,0",98
0,9,1631825100.0,27.000,"3.969,0",98
0,9,1631826000.0,27.000,"3.969,0",98
0,9,1631826900.0,27.006,"3.969,9",98
0,9,1631827800.0,27.006,"3.969,9",98
0,9,1631828700.0,27.006,"3.969,9",98
0,9,1631829600.0,27.120,"3.986,6",98
0,9,1631830500.0,27.120,"3.986,6",98
0,9,1631831400.0,27.120,"3.986,6",98
0,9,1631832300.0,27.166,"3.993,4",98
0,9,1631833200.0,27.166,"3.993,4",98
0,9,1631834100.0,27.166,"3.993,4",98
0,9,1631835000.0,27.166,"3.993,4",98
0,9,1631835900.0,27.166,"3.993,4",98
0,9,1631836800.0,27.166,"3.993,4",98
0,9,1631837700.0,27.169,"3.993,8",98
0,9,1631838600.0,27.169,"3.993,8",98
0,9,1631839500.0,27.169,"3.993,8",98
0,9,1631840400.0,27.169,"3.993,8",98
0,9,1631841300.0,27.169,"3.993,8",98
0,9,1631842200.0,27.169,"3.993,8",98
0,9,1631843100.0,27.169,"3.993,8",98
0,9,1631844000.0,27.169,"3.993,8",98
0,9,1631844900.0,27.169,"3.993,8",98
0,9,1631845800.0,27.169,"3.993,8",98
0,9,1631846700.0,27.169,"3.993,8",98
0,9,1631847600.0,27.169,"3.993,8",98
0,9,1631848500.0,27.169,"3.993,8",98
0,9,1631849400.0,27.169,"3.993,8",98
0,9,1631850300.0,27.169,"3.993,8",98
0,9,1631851200.0,27.169,"3.993,8",98
0,9,1631852100.0,27.169,"3.993,8",98
0,9,1631853000.0,27.169,"3.993,8",98
0,9,1631853900.0,27.169,"3.993,8",98
0,9,1631854800.0,27.223,"4.001,7",98
0,9,1631855700.0,27.223,"4.001,7",98
0,9,1631856600.0,27.223,"4.001,7",98
0,9,1631857500.0,27.228,"4.002,5",98
0,9,1631858400.0,27.228,"4.002,5",98
0,9,1631859300.0,27.228,"4.002,5",98
0,9,1631860200.0,27.277,"4.009,7",98
0,9,1631861100.0,27.277,"4.009,7",98
0,9,1631862000.0,27.277,"4.009,7",98
0,9,1631862900.0,27.343,"4.019,5",99
0,9,1631863800.0,27.343,"4.019,5",99
0,9,1631864700.0,27.343,"4.019,5",99
0,9,1631865600.0,27.455,"4.035,9",99
0,9,1631866500.0,27.455,"4.035,9",99
0,9,1631867400.0,27.455,"4.035,9",99
0,9,1631868300.0,27.494,"4.041,7",99
0,9,1631869200.0,27.494,"4.041,7",99
0,9,1631870100.0,27.494,"4.041,7",99
0,9,1631871000.0,27.494,"4.041,7",99
0,9,1631871900.0,27.494,"4.041,7",99
0,9,1631872800.0,27.494,"4.041,7",99
0,9,1631873700.0,27.530,"4.046,9",99
0,9,1631874600.0,27.530,"4.046,9",99
0,9,1631875500.0,27.530,"4.046,9",99
0,9,1631876400.0,27.530,"4.046,9",99
0,9,1631877300.0,27.530,"4.046,9",99
0,9,1631878200.0,27.530,"4.046,9",99
0,9,1631879100.0,27.530,"4.046,9",99
0,9,1631880000.0,27.530,"4.046,9",99
0,9,1631880900.0,27.530,"4.046,9",99
0,9,1631881800.0,27.592,"4.056,1",99
0,9,1631882700.0,27.592,"4.056,1",99
0,9,1631883600.0,27.592,"4.056,1",99
0,9,1631884500.0,27.622,"4.060,4",99
0,9,1631885400.0,27.622,"4.060,4",99
0,9,1631886300.0,27.622,"4.060,4",99
0,9,1631887200.0,27.708,"4.073,1",99
0,9,1631888100.0,27.708,"4.073,1",99
0,9,1631889000.0,27.708,"4.073,1",99
0,9,1631889900.0,27.717,"4.074,4",99
0,9,1631890800.0,27.717,"4.074,4",99
0,9,1631891700.0,27.717,"4.074,4",99
0,9,1631892600.0,27.761,"4.080,9",99
0,9,1631893500.0,27.761,"4.080,9",99
0,9,1631894400.0,27.761,"4.080,9",99
0,9,1631895300.0,27.883,"4.098,8",99
0,9,1631896200.0,27.883,"4.098,8",99
0,9,1631897100.0,27.883,"4.098,8",99
0,9,1631898000.0,27.928,"4.105,4",99
0,9,1631898900.0,27.928,"4.105,4",99
0,9,1631899800.0,27.928,"4.105,4",99
0,9,1631900700.0,27.928,"4.105,4",99
0,9,1631901600.0,27.928,"4.105,4",99
0,9,1631902500.0,27.928,"4.105,4",99
0,9,1631903400.0,27.928,"4.105,4",99
0,9,1631904300.0,27.928,"4.105,4",99
0,9,1631905200.0,28.043,"4.122,3",99
0,9,1631906100.0,28.043,"4.122,3",99
0,9,1631907000.0,28.043,"4.122,3",99
0,9,1631907900.0,28.141,"4.136,7",99
0,9,1631908800.0,28.141,"4.136,7",99
0,9,1631909700.0,28.141,"4.136,7",99
0,9,1631910600.0,28.245,"4.152,0",99
0,9,1631911500.0,28.245,"4.152,0",99
0,9,1631912400.0,28.245,"4.152,0",99
0,9,1631913300.0,28.430,"4.179,2",99
0,9,1631914200.0,28.430,"4.179,2",99
0,9,1631915100.0,28.430,"4.179,2",99
0,9,1631916000.0,28.663,"4.213,5",99
0,9,1631916900.0,28.663,"4.213,5",99
0,9,1631917800.0,28.663,"4.213,5",99
0,9,1631918700.0,28.674,"4.215,0",99
0,9,1631919600.0,28.674,"4.215,0",99
0,9,1631920500.0,28.674,"4.215,0",99
0,9,1631921400.0,28.674,"4.215,0",99
0,9,1631922300.0,28.674,"4.215,0",99
0,9,1631923200.0,28.674,"4.215,0",99
0,9,1631924100.0,28.766,"4.228,6",99
0,9,1631925000.0,28.766,"4.228,6",99
0,9,1631925900.0,28.766,"4.228,6",99
0,9,1631926800.0,28.766,"4.228,6",99
0,9,1631927700.0,28.766,"4.228,6",99
0,9,1631928600.0,28.766,"4.228,6",99
0,9,1631929500.0,28.766,"4.228,6",99
0,9,1631930400.0,28.766,"4.228,6",99
0,9,1631931300.0,28.766,"4.228,6",99
0,9,1631932200.0,28.766,"4.228,6",99
0,9,1631933100.0,28.766,"4.228,6",99
0,9,1631934000.0,28.766,"4.228,6",99
0,9,1631934900.0,28.823,"4.236,9",99
0,9,1631935800.0,28.823,"4.236,9",99
0,9,1631936700.0,28.823,"4.236,9",99
0,9,1631937600.0,28.823,"4.236,9",99
0,9,1631938500.0,28.823,"4.236,9",99
0,9,1631939400.0,28.823,"4.236,9",99
0,9,1631940300.0,28.823,"4.236,9",99
0,9,1631941200.0,28.823,"4.236,9",99
0,9,1631942100.0,28.823,"4.236,9",99
0,9,1631943000.0,28.840,"4.239,4",99
0,9,1631943900.0,28.840,"4.239,4",99
0,9,1631944800.0,28.840,"4.239,4",99
0,9,1631945700.0,28.840,"4.239,4",99
0,9,1631946600.0,28.840,"4.239,4",99
0,9,1631947500.0,28.840,"4.239,4",99
0,9,1631948400.0,28.840,"4.239,4",99
0,9,1631949300.0,28.840,"4.239,4",99
0,9,1631950200.0,28.840,"4.239,4",99
0,9,1631951100.0,29.070,"4.273,3",99
0,9,1631952000.0,29.070,"4.273,3",99
0,9,1631952900.0,29.070,"4.273,3",99
0,9,1631953800.0,29.087,"4.275,8",99
0,9,1631954700.0,29.087,"4.275,8",99
0,9,1631955600.0,29.087,"4.275,8",99
0,9,1631956500.0,29.147,"4.284,6",99
0,9,1631957400.0,29.147,"4.284,6",99
0,9,1631958300.0,29.147,"4.284,6",99
0,9,1631959200.0,29.437,"4.327,2",99
0,9,1631960100.0,29.437,"4.327,2",99
0,9,1631961000.0,29.437,"4.327,2",99
0,9,1631961900.0,29.551,"4.344,0",99
0,9,1631962800.0,29.551,"4.344,0",99
0,9,1631963700.0,29.551,"4.344,0",99
0,9,1631964600.0,29.557,"4.344,9",99
0,9,1631965500.0,29.557,"4.344,9",99
0,9,1631966400.0,29.557,"4.344,9",99
0,9,1631967300.0,29.560,"4.345,4",99
0,9,1631968200.0,29.560,"4.345,4",99
0,9,1631969100.0,29.560,"4.345,4",99
0,9,1631970000.0,29.609,"4.352,5",99
0,9,1631970900.0,29.609,"4.352,5",99
0,9,1631971800.0,29.609,"4.352,5",99
0,9,1631972700.0,29.621,"4.354,3",99
0,9,1631973600.0,29.621,"4.354,3",99
0,9,1631974500.0,29.621,"4.354,3",99
0,9,1631975400.0,29.643,"4.357,5",99
0,9,1631976300.0,29.643,"4.357,5",99
0,9,1631977200.0,29.710,"4.367,3",99
0,9,1631978100.0,29.710,"4.367,3",99
0,9,1631979000.0,29.710,"4.367,3",99
0,9,1631979900.0,29.710,"4.367,3",99
0,9,1631980800.0,29.710,"4.367,3",99
0,9,1631981700.0,29.710,"4.367,3",99
0,9,1631982600.0,29.921,"4.398,3",100
0,9,1631983500.0,29.921,"4.398,3",100
0,9,1631984400.0,29.921,"4.398,3",100
0,9,1631985300.0,29.964,"4.404,7",100
0,9,1631986200.0,29.964,"4.404,7",100
0,9,1631987100.0,29.964,"4.404,7",100
0,9,1631988000.0,30.108,"4.425,9",100
0,9,1631988900.0,30.108,"4.425,9",100
0,9,1631989800.0,30.108,"4.425,9",100
0,9,1631990700.0,30.108,"4.425,9",100
0,9,1631991600.0,30.108,"4.425,9",100
0,9,1631992500.0,30.108,"4.425,9",100
0,9,1631993400.0,30.146,"4.431,4",100
0,9,1631994300.0,30.146,"4.431,4",100
0,9,1631995200.0,30.146,"4.431,4",100
0,9,1631996100.0,30.177,"4.436,0",100
0,9,1631997000.0,30.177,"4.436,0",100
0,9,1631997900.0,30.177,"4.436,0",100
0,9,1631998800.0,30.312,"4.455,8",100
0,9,1631999700.0,30.312,"4.455,8",100
0,9,1632000600.0,30.353,"4.461,8",100
0,9,1632001500.0,30.353,"4.461,8",100
0,9,1632002400.0,30.353,"4.461,8",100
0,9,1632003300.0,30.405,"4.469,6",100
0,9,1632004200.0,30.405,"4.469,6",100
0,9,1632005100.0,30.405,"4.469,6",100
0,9,1632006000.0,30.506,"4.484,3",100
0,9,1632006900.0,30.506,"4.484,3",100
0,9,1632007800.0,30.506,"4.484,3",100
0,9,1632008700.0,30.513,"4.485,4",100
0,9,1632009600.0,30.513,"4.485,4",100
0,9,1632010500.0,30.513,"4.485,4",100
0,9,1632011400.0,30.513,"4.485,4",100
0,9,1632012300.0,30.513,"4.485,4",100
0,9,1632013200.0,30.579,"4.495,0",100
0,9,1632014100.0,30.579,"4.495,0",100
0,9,1632015000.0,30.579,"4.495,0",100
0,9,1632015900.0,30.579,"4.495,0",100
0,9,1632016800.0,30.579,"4.495,0",100
0,9,1632017700.0,30.590,"4.496,7",100
0,9,1632018600.0,30.590,"4.496,7",100
0,9,1632019500.0,30.590,"4.496,7",100
0,9,1632020400.0,30.590,"4.496,7",100
0,9,1632021300.0,30.590,"4.496,7",100
0,9,1632022200.0,30.590,"4.496,7",100
0,9,1632023100.0,30.590,"4.496,7",100
0,9,1632024000.0,30.590,"4.496,7",100
0,9,1632024900.0,30.590,"4.496,7",100
0,9,1632025800.0,30.590,"4.496,7",100
0,9,1632026700.0,30.590,"4.496,7",100
0,9,1632027600.0,30.590,"4.496,7",100
0,9,1632028500.0,30.590,"4.496,7",100
0,9,1632029400.0,30.590,"4.496,7",100
0,9,1632030300.0,30.590,"4.496,7",100
0,9,1632031200.0,30.590,"4.496,7",100
0,9,1632032100.0,30.590,"4.496,7",100
0,9,1632033000.0,30.590,"4.496,7",100
0,9,1632033900.0,30.590,"4.496,7",100
0,9,1632034800.0,30.590,"4.496,7",100
0,9,1632035700.0,30.590,"4.496,7",100
0,9,1632036600.0,30.590,"4.496,7",100
0,9,1632037500.0,30.640,"4.504,1",100
0,9,1632038400.0,30.640,"4.504,1",100
0,9,1632039300.0,30.640,"4.504,1",100
0,9,1632040200.0,30.700,"4.512,8",100
0,9,1632041100.0,30.700,"4.512,8",100
0,9,1632042000.0,30.700,"4.512,8",100
0,9,1632042900.0,30.720,"4.515,8",100
0,9,1632043800.0,30.720,"4.515,8",100
0,9,1632044700.0,30.720,"4.515,8",100
0,9,1632045600.0,30.767,"4.522,7",100
0,9,1632046500.0,30.767,"4.522,7",100
0,9,1632047400.0,30.767,"4.522,7",100
0,9,1632048300.0,30.812,"4.529,3",100
0,9,1632049200.0,30.812,"4.529,3",100
0,9,1632050100.0,30.812,"4.529,3",100
0,9,1632051000.0,30.880,"4.539,4",100
0,9,1632051900.0,30.880,"4.539,4",100
0,9,1632052800.0,30.886,"4.540,2",100
0,9,1632053700.0,30.886,"4.540,2",100
0,9,1632054600.0,30.886,"4.540,2",100
0,9,1632055500.0,30.917,"4.544,8",100
0,9,1632056400.0,30.917,"4.544,8",100
0,9,1632057300.0,30.959,"4.551,0",100
0,9,1632058200.0,30.959,"4.551,0",100
0,9,1632059100.0,30.959,"4.551,0",100
0,9,1632060000.0,31.014,"4.559,0",100
0,9,1632060900.0,31.014,"4.559,0",100
0,9,1632061800.0,31.014,"4.559,0",100
0,9,1632062700.0,31.014,"4.559,0",100
0,9,1632063600.0,31.014,"4.559,0",100
0,9,1632064500.0,31.014,"4.559,0",100
0,9,1632065400.0,31.073,"4.567,7",100
0,9,1632066300.0,31.073,"4.567,7",100
0,9,1632067200.0,31.073,"4.567,7",100
0,9,1632068100.0,31.220,"4.589,3",100
0,9,1632069000.0,31.220,"4.589,3",100
0,9,1632069900.0,31.220,"4.589,3",100
0,9,1632070800.0,31.470,"4.626,1",100
0,9,1632071700.0,31.470,"4.626,1",100
0,9,1632072600.0,31.470,"4.626,1",100
0,9,1632073500.0,31.569,"4.640,7",100
0,9,1632074400.0,31.569,"4.640,7",100
0,9,1632075300.0,31.569,"4.640,7",100
0,9,1632076200.0,31.842,"4.680,7",100
0,9,1632077100.0,31.842,"4.680,7",100
0,9,1632078000.0,31.842,"4.680,7",100
0,9,1632078900.0,32.098,"4.718,4",100
0,9,1632079800.0,32.098,"4.718,4",100
0,9,1632080700.0,32.098,"4.718,4",100
0,9,1632081600.0,32.119,"4.721,4",100
0,9,1632082500.0,32.119,"4.721,4",100
0,9,1632083400.0,32.119,"4.721,4",100
0,9,1632084300.0,32.198,"4.733,1",100
0,9,1632085200.0,32.198,"4.733,1",100
0,9,1632086100.0,32.198,"4.733,1",100
0,9,1632087000.0,32.414,"4.764,9",100
0,9,1632087900.0,32.414,"4.764,9",100
0,9,1632088800.0,32.414,"4.764,9",100
0,9,1632089700.0,32.414,"4.764,9",100
0,9,1632090600.0,32.414,"4.764,9",100
0,9,1632091500.0,32.418,"4.765,4",100
0,9,1632092400.0,32.418,"4.765,4",100
0,9,1632093300.0,32.418,"4.765,4",100
0,9,1632094200.0,32.418,"4.765,4",100
0,9,1632095100.0,32.418,"4.765,4",100
0,9,1632096000.0,32.418,"4.765,4",100
0,9,1632096900.0,32.418,"4.765,4",100
0,9,1632097800.0,32.418,"4.765,4",100
0,9,1632098700.0,32.418,"4.765,4",100
0,9,1632099600.0,32.418,"4.765,4",100
0,9,1632100500.0,32.418,"4.765,4",100
0,9,1632101400.0,32.418,"4.765,4",100
0,9,1632102300.0,32.418,"4.765,4",100
0,9,1632103200.0,32.418,"4.765,4",100
0,9,1632104100.0,32.418,"4.765,4",100
0,9,1632105000.0,32.418,"4.765,4",100
0,9,1632105900.0,32.418,"4.765,4",100
0,9,1632106800.0,32.418,"4.765,4",100
0,9,1632107700.0,32.418,"4.765,4",100
0,9,1632108600.0,32.418,"4.765,4",100
0,9,1632109500.0,32.477,"4.774,1",100
0,9,1632110400.0,32.477,"4.774,1",100
0,9,1632111300.0,32.477,"4.774,1",100
0,9,1632112200.0,32.477,"4.774,1",100
0,9,1632113100.0,32.477,"4.774,1",100
0,9,1632114000.0,32.477,"4.774,1",100
0,9,1632114900.0,32.477,"4.774,1",100
0,9,1632115800.0,32.477,"4.774,1",100
0,9,1632116700.0,32.546,"4.784,3",100
0,9,1632117600.0,32.546,"4.784,3",100
0,9,1632118500.0,32.546,"4.784,3",100
0,9,1632119400.0,32.776,"4.818,0",100
0,9,1632120300.0,32.776,"4.818,0",100
0,9,1632121200.0,32.776,"4.818,0",100
0,9,1632122100.0,32.873,"4.832,3",100
0,9,1632123000.0,32.873,"4.832,3",100
0,9,1632123900.0,32.873,"4.832,3",100
0,9,1632124800.0,33.085,"4.863,5",100
0,9,1632125700.0,33.085,"4.863,5",100
0,9,1632126600.0,33.085,"4.863,5",100
0,9,1632127500.0,33.095,"4.864,9",100
0,9,1632128400.0,33.095,"4.864,9",100
0,9,1632129300.0,33.095,"4.864,9",100
0,9,1632130200.0,33.121,"4.868,8",100
0,9,1632131100.0,33.121,"4.868,8",100
0,9,1632132000.0,33.121,"4.868,8",100
0,9,1632132900.0,33.188,"4.878,6",100
0,9,1632133800.0,33.188,"4.878,6",100
0,9,1632134700.0,33.188,"4.878,6",100
0,9,1632135600.0,33.188,"4.878,6",100
0,9,1632136500.0,33.188,"4.878,6",100
0,9,1632137400.0,33.188,"4.878,6",100
0,9,1632138300.0,33.188,"4.878,6",100
0,9,1632139200.0,33.188,"4.878,6",100
0,9,1632140100.0,33.188,"4.878,6",100
0,9,1632141000.0,33.228,"4.884,4",100
0,9,1632141900.0,33.228,"4.884,4",100
0,9,1632142800.0,33.228,"4.884,4",100
0,9,1632143700.0,33.404,"4.910,4",100
0,9,1632144600.0,33.404,"4.910,4",100
0,9,1632145500.0,33.404,"4.910,4",100
0,9,1632146400.0,33.535,"4.929,7",100
0,9,1632147300.0,33.535,"4.929,7",100
0,9,1632148200.0,33.535,"4.929,7",100
0,9,1632149100.0,33.630,"4.943,7",100
0,9,1632150000.0,33.630,"4.943,7",100
0,9,1632150900.0,33.630,"4.943,7",100
0,9,1632151800.0,33.635,"4.944,3",100
0,9,1632152700.0,33.635,"4.944,3",100
0,9,1632153600.0,33.733,"4.958,8",100
0,9,1632154500.0,33.733,"4.958,8",100
0,9,1632155400.0,33.733,"4.958,8",100
0,9,1632156300.0,33.945,"4.989,9",100
0,9,1632157200.0,33.945,"4.989,9",100
0,9,1632158100.0,33.981,"4.995,2",100
0,9,1632159000.0,33.981,"4.995,2",100
0,9,1632159900.0,33.981,"4.995,2",100
0,9,1632160800.0,34.056,"5.006,3",100
0,9,1632161700.0,34.056,"5.006,3",100
0,9,1632162600.0,34.056,"5.006,3",100
0,9,1632163500.0,34.176,"5.023,9",100
0,9,1632164400.0,34.176,"5.023,9",100
0,9,1632165300.0,34.191,"5.026,0",100
0,9,1632166200.0,34.191,"5.026,0",100
0,9,1632167100.0,34.191,"5.026,0",100
0,9,1632168000.0,34.203,"5.027,8",100
0,9,1632168900.0,34.203,"5.027,8",100
0,9,1632169800.0,34.203,"5.027,8",100
0,9,1632170700.0,34.203,"5.027,8",100
0,9,1632171600.0,34.203,"5.027,8",100
0,9,1632172500.0,34.203,"5.027,8",100
0,9,1632173400.0,34.454,"5.064,7",100
0,9,1632174300.0,34.454,"5.064,7",100
0,9,1632175200.0,34.454,"5.064,7",100
0,9,1632176100.0,34.454,"5.064,7",100
0,9,1632177000.0,34.454,"5.064,7",100
0,9,1632177900.0,34.469,"5.066,9",100
0,9,1632178800.0,34.469,"5.066,9",100
0,9,1632179700.0,34.469,"5.066,9",100
0,9,1632180600.0,34.480,"5.068,5",100
0,9,1632181500.0,34.480,"5.068,5",100
0,9,1632182400.0,34.480,"5.068,5",100
0,9,1632183300.0,34.480,"5.068,5",100
0,9,1632184200.0,34.480,"5.068,5",100
0,9,1632185100.0,34.480,"5.068,5",100
0,9,1632186000.0,34.480,"5.068,5",100
0,9,1632186900.0,34.480,"5.068,5",100
0,9,1632187800.0,34.480,"5.068,5",100
0,9,1632188700.0,34.480,"5.068,5",100
0,9,1632189600.0,34.480,"5.068,5",100
0,9,1632190500.0,34.480,"5.068,5",100
0,9,1632191400.0,34.480,"5.068,5",100
0,9,1632192300.0,34.480,"5.068,5",100
0,9,1632193200.0,34.480,"5.068,5",100
0,9,1632194100.0,34.480,"5.068,5",100
0,9,1632195000.0,34.480,"5.068,5",100
0,9,1632195900.0,34.480,"5.068,5",100
0,9,1632196800.0,34.480,"5.068,5",100
0,9,1632197700.0,34.480,"5.068,5",100
0,9,1632198600.0,34.480,"5.068,5",100
0,9,1632199500.0,34.480,"5.068,5",100
0,9,1632200400.0,34.480,"5.068,5",100
0,9,1632201300.0,34.480,"5.068,5",100
0,9,1632202200.0,34.480,"5.068,5",100
0,9,1632203100.0,34.480,"5.068,5",100
0,9,1632204000.0,34.554,"5.079,4",100
0,9,1632204900.0,34.554,"5.079,4",100
0,9,1632205800.0,34.554,"5.079,4",100
0,9,1632206700.0,34.561,"5.080,5",100
0,9,1632207600.0,34.561,"5.080,5",100
0,9,1632208500.0,34.561,"5.080,5",100
0,9,1632209400.0,34.672,"5.096,8",100
0,9,1632210300.0,34.672,"5.096,8",100
0,9,1632211200.0,34.724,"5.104,5",100
0,9,1632212100.0,34.724,"5.104,5",100
0,9,1632213000.0,34.724,"5.104,5",100
0,9,1632213900.0,34.756,"5.109,2",100
0,9,1632214800.0,34.756,"5.109,2",100
0,9,1632215700.0,34.783,"5.113,0",100
0,9,1632216600.0,34.783,"5.113,0",100
0,9,1632217500.0,34.783,"5.113,0",100
0,9,1632218400.0,34.876,"5.126,7",100
0,9,1632219300.0,34.876,"5.126,7",100
0,9,1632220200.0,34.876,"5.126,7",100
0,9,1632221100.0,34.876,"5.126,7",100
0,9,1632222000.0,34.876,"5.126,7",100
0,9,1632222900.0,34.876,"5.126,7",100
0,9,1632223800.0,34.889,"5.128,7",100
0,9,1632224700.0,34.889,"5.128,7",100
0,9,1632225600.0,34.889,"5.128,7",100
0,9,1632226500.0,34.889,"5.128,7",100
0,9,1632227400.0,34.889,"5.128,7",100
0,9,1632228300.0,34.889,"5.128,7",100
0,9,1632229200.0,34.949,"5.137,5",100
0,9,1632230100.0,34.949,"5.137,5",100
0,9,1632231000.0,34.949,"5.137,5",100
0,9,1632231900.0,34.988,"5.143,2",100
0,9,1632232800.0,34.988,"5.143,2",100
0,9,1632233700.0,34.988,"5.143,2",100
0,9,1632234600.0,34.993,"5.144,0",100
0,9,1632235500.0,34.993,"5.144,0",100
0,9,1632236400.0,34.993,"5.144,0",100
0,9,1632237300.0,35.127,"5.163,7",100
0,9,1632238200.0,35.127,"5.163,7",100
0,9,1632239100.0,35.127,"5.163,7",100
0,9,1632240000.0,35.175,"5.170,7",100
0,9,1632240900.0,35.175,"5.170,7",100
0,9,1632241800.0,35.175,"5.170,7",100
0,9,1632242700.0,35.679,"5.244,8",100
0,9,1632243600.0,35.679,"5.244,8",100
0,9,1632244500.0,35.679,"5.244,8",100
0,9,1632245400.0,35.679,"5.244,8",100
0,9,1632246300.0,35.679,"5.244,8",100
0,9,1632247200.0,35.679,"5.244,8",100
0,9,1632248100.0,35.761,"5.256,8",100
0,9,1632249000.0,35.761,"5.256,8",100
0,9,1632249900.0,35.761,"5.256,8",100
0,9,1632250800.0,35.845,"5.269,2",100
0,9,1632251700.0,35.845,"5.269,2",100
0,9,1632252600.0,35.845,"5.269,2",100
0,9,1632253500.0,36.092,"5.305,5",100
0,9,1632254400.0,36.092,"5.305,5",100
0,9,1632255300.0,36.105,"5.307,4",100
0,9,1632256200.0,36.105,"5.307,4",100
0,9,1632257100.0,36.105,"5.307,4",100
0,9,1632258000.0,36.248,"5.328,4",100
0,9,1632258900.0,36.248,"5.328,4",100
0,9,1632259800.0,36.248,"5.328,4",100
0,9,1632260700.0,36.409,"5.352,2",100
0,9,1632261600.0,36.409,"5.352,2",100
0,9,1632262500.0,36.409,"5.352,2",100
0,9,1632263400.0,36.412,"5.352,5",100
0,9,1632264300.0,36.412,"5.352,5",100
0,9,1632265200.0,36.412,"5.352,5",100
0,9,1632266100.0,36.412,"5.352,5",100
0,9,1632267000.0,36.412,"5.352,5",100
0,9,1632267900.0,36.412,"5.352,5",100
0,9,1632268800.0,36.412,"5.352,5",100
0,9,1632269700.0,36.412,"5.352,5",100
0,9,1632270600.0,36.412,"5.352,5",100
0,9,1632271500.0,36.412,"5.352,5",100
0,9,1632272400.0,36.412,"5.352,5",100
0,9,1632273300.0,36.412,"5.352,5",100
0,9,1632274200.0,36.412,"5.352,5",100
0,9,1632275100.0,36.412,"5.352,5",100
0,9,1632276000.0,36.412,"5.352,5",100
0,9,1632276900.0,36.412,"5.352,5",100
0,9,1632277800.0,36.412,"5.352,5",100
0,9,1632278700.0,36.412,"5.352,5",100
0,9,1632279600.0,36.412,"5.352,5",100
0,9,1632280500.0,36.412,"5.352,5",100
0,9,1632281400.0,36.412,"5.352,5",100
0,9,1632282300.0,36.412,"5.352,5",100
0,9,1632283200.0,36.412,"5.352,5",100
0,9,1632284100.0,36.412,"5.352,5",100
0,9,1632285000.0,36.412,"5.352,5",100
0,9,1632285900.0,36.412,"5.352,5",100
0,9,1632287700.0,36.415,"5.353,0",100
0,9,1632288600.0,36.415,"5.353,0",100
0,9,1632289500.0,36.415,"5.353,0",100
0,9,1632290400.0,36.496,"5.364,8",100
0,9,1632291300.0,36.496,"5.364,8",100
0,9,1632292200.0,36.496,"5.364,8",100
0,9,1632293100.0,36.544,"5.372,0",100
0,9,1632294000.0,36.544,"5.372,0",100
0,9,1632294900.0,36.544,"5.372,0",100
0,9,1632295800.0,36.568,"5.375,6",100
0,9,1632296700.0,36.568,"5.375,6",100
0,9,1632297600.0,36.568,"5.375,6",100
0,9,1632298500.0,36.699,"5.394,7",100
0,9,1632299400.0,36.699,"5.394,7",100
0,9,1632300300.0,36.699,"5.394,7",100
0,9,1632301200.0,36.982,"5.436,4",101
0,9,1632302100.0,36.982,"5.436,4",101
0,9,1632303000.0,36.982,"5.436,4",101
0,9,1632303900.0,37.034,"5.443,9",101
0,9,1632304800.0,37.034,"5.443,9",101
0,9,1632305700.0,37.034,"5.443,9",101
0,9,1632306600.0,37.095,"5.452,9",101
0,9,1632307500.0,37.095,"5.452,9",101
0,9,1632308400.0,37.095,"5.452,9",101
0,9,1632309300.0,37.309,"5.484,3",102
0,9,1632310200.0,37.309,"5.484,3",102
0,9,1632311100.0,37.309,"5.484,3",102
0,9,1632312000.0,37.309,"5.484,3",102
0,9,1632312900.0,37.309,"5.484,3",102
0,9,1632313800.0,37.309,"5.484,3",102
0,9,1632314700.0,37.313,"5.485,0",102
0,9,1632315600.0,37.313,"5.485,0",102
0,9,1632316500.0,37.313,"5.485,0",102
0,9,1632317400.0,37.350,"5.490,5",102
0,9,1632318300.0,37.350,"5.490,5",102
0,9,1632319200.0,37.350,"5.490,5",102
0,9,1632320100.0,37.406,"5.498,7",102
0,9,1632321000.0,37.406,"5.498,7",102
0,9,1632321900.0,37.406,"5.498,7",102
0,9,1632322800.0,37.438,"5.503,4",102
0,9,1632323700.0,37.438,"5.503,4",102
0,9,1632324600.0,37.541,"5.518,6",102
0,9,1632325500.0,37.541,"5.518,6",102
0,9,1632326400.0,37.541,"5.518,6",102
0,9,1632327300.0,37.573,"5.523,3",102
0,9,1632328200.0,37.573,"5.523,3",102
0,9,1632329100.0,37.573,"5.523,3",102
0,9,1632330000.0,37.719,"5.544,6",102
0,9,1632330900.0,37.719,"5.544,6",102
0,9,1632331800.0,37.777,"5.553,3",102
0,9,1632332700.0,37.777,"5.553,3",102
0,9,1632333600.0,37.828,"5.560,8",102
0,9,1632334500.0,37.828,"5.560,8",102
0,9,1632335400.0,37.828,"5.560,8",102
0,9,1632336300.0,37.862,"5.565,7",102
0,9,1632337200.0,37.862,"5.565,7",102
0,9,1632338100.0,37.862,"5.565,7",102
0,9,1632339000.0,37.872,"5.567,2",102
0,9,1632339900.0,37.872,"5.567,2",102
0,9,1632340800.0,37.872,"5.567,2",102
0,9,1632341700.0,38.049,"5.593,2",102
0,9,1632342600.0,38.049,"5.593,2",102
0,9,1632343500.0,38.049,"5.593,2",102
0,9,1632344400.0,38.296,"5.629,4",102
0,9,1632345300.0,38.296,"5.629,4",102
0,9,1632346200.0,38.296,"5.629,4",102
0,9,1632347100.0,38.878,"5.715,1",103
0,9,1632348000.0,38.878,"5.715,1",103
0,9,1632348900.0,38.878,"5.715,1",103
0,9,1632349800.0,38.998,"5.732,7",103
0,9,1632350700.0,38.998,"5.732,7",103
0,9,1632351600.0,38.998,"5.732,7",103
0,9,1632352500.0,39.361,"5.786,1",103
0,9,1632353400.0,39.361,"5.786,1",103
0,9,1632354300.0,39.361,"5.786,1",103
0,9,1632355200.0,39.361,"5.786,1",103
0,9,1632356100.0,39.361,"5.786,1",103
0,9,1632357000.0,39.361,"5.786,1",103
0,9,1632357900.0,39.361,"5.786,1",103
0,9,1632358800.0,39.361,"5.786,1",103
0,9,1632359700.0,39.361,"5.786,1",103
0,9,1632360600.0,39.361,"5.786,1",103
0,9,1632361500.0,39.361,"5.786,1",103
0,9,1632362400.0,39.361,"5.786,1",103
0,9,1632363300.0,39.361,"5.786,1",103
0,9,1632364200.0,39.361,"5.786,1",103
0,9,1632365100.0,39.361,"5.786,1",103
0,9,1632366000.0,39.361,"5.786,1",103
0,9,1632366900.0,39.361,"5.786,1",103
0,9,1632367800.0,39.361,"5.786,1",103
0,9,1632368700.0,39.361,"5.786,1",103
0,9,1632369600.0,39.361,"5.786,1",103
0,9,1632370500.0,39.361,"5.786,1",103
0,9,1632371400.0,39.361,"5.786,1",103
0,9,1632372300.0,39.361,"5.786,1",103
0,9,1632373200.0,39.361,"5.786,1",103
0,9,1632374100.0,39.361,"5.786,1",103
0,9,1632375000.0,39.361,"5.786,1",103
0,9,1632375900.0,39.361,"5.786,1",103
0,9,1632376800.0,39.361,"5.786,1",103
0,9,1632377700.0,39.361,"5.786,1",103
0,9,1632378600.0,39.399,"5.791,7",103
0,9,1632379500.0,39.399,"5.791,7",103
0,9,1632380400.0,39.399,"5.791,7",103
0,9,1632381300.0,39.399,"5.791,7",103
0,9,1632382200.0,39.399,"5.791,7",103
0,9,1632383100.0,39.399,"5.791,7",103
0,9,1632384000.0,39.428,"5.796,0",103
0,9,1632384900.0,39.428,"5.796,0",103
0,9,1632385800.0,39.428,"5.796,0",103
0,9,1632386700.0,39.428,"5.796,0",103
0,9,1632387600.0,39.428,"5.796,0",103
0,9,1632388500.0,39.428,"5.796,0",103
0,9,1632389400.0,39.428,"5.796,0",103
0,9,1632390300.0,39.428,"5.796,0",103
0,9,1632391200.0,39.428,"5.796,0",103
0,9,1632392100.0,39.428,"5.796,0",103
0,9,1632393000.0,39.428,"5.796,0",103
0,9,1632393900.0,39.428,"5.796,0",103
0,9,1632394800.0,39.428,"5.796,0",103
0,9,1632395700.0,39.428,"5.796,0",103
0,9,1632396600.0,39.428,"5.796,0",103
0,9,1632397500.0,39.428,"5.796,0",103
0,9,1632398400.0,39.428,"5.796,0",103
0,9,1632399300.0,39.428,"5.796,0",103
0,9,1632400200.0,39.428,"5.796,0",103
0,9,1632401100.0,39.428,"5.796,0",103
0,9,1632402000.0,39.428,"5.796,0",103
0,9,1632402900.0,39.428,"5.796,0",103
0,9,1632403800.0,39.428,"5.796,0",103
0,9,1632404700.0,39.428,"5.796,0",103
0,9,1632405600.0,39.428,"5.796,0",103
0,9,1632406500.0,39.428,"5.796,0",103
0,9,1632407400.0,39.428,"5.796,0",103
0,9,1632408300.0,39.459,"5.800,4",103
0,9,1632409200.0,39.459,"5.800,4",103
0,9,1632410100.0,39.459,"5.800,4",103
0,9,1632411000.0,39.459,"5.800,4",103
0,9,1632411900.0,39.459,"5.800,4",103
0,9,1632412800.0,39.459,"5.800,4",103
0,9,1632413700.0,39.459,"5.800,4",103
0,9,1632414600.0,39.459,"5.800,4",103
0,9,1632415500.0,39.459,"5.800,4",103
0,9,1632416400.0,39.459,"5.800,4",103
0,9,1632417300.0,39.459,"5.800,4",103
0,9,1632418200.0,39.459,"5.800,4",103
0,9,1632419100.0,39.459,"5.800,4",103
0,9,1632420000.0,39.459,"5.800,4",103
0,9,1632420900.0,39.459,"5.800,4",103
0,9,1632421800.0,39.459,"5.800,4",103
0,9,1632422700.0,39.459,"5.800,4",103
0,9,1632423600.0,39.459,"5.800,4",103
0,9,1632424500.0,39.459,"5.800,4",103
0,9,1632425400.0,39.459,"5.800,4",103
0,9,1632426300.0,39.459,"5.800,4",103
0,9,1632427200.0,39.459,"5.800,4",103
0,9,1632428100.0,39.459,"5.800,4",103
0,9,1632429000.0,39.459,"5.800,4",103
0,9,1632429900.0,39.459,"5.800,4",103
0,9,1632430800.0,39.459,"5.800,4",103
0,9,1632431700.0,39.459,"5.800,4",103
0,9,1632432600.0,39.459,"5.800,4",103
0,9,1632433500.0,39.459,"5.800,4",103
0,9,1632434400.0,39.459,"5.800,4",103
0,9,1632435300.0,39.459,"5.800,4",103
0,9,1632436200.0,39.459,"5.800,4",103
0,9,1632437100.0,39.459,"5.800,4",103
0,9,1632438000.0,39.459,"5.800,4",103
0,9,1632438900.0,39.459,"5.800,4",103
0,9,1632439800.0,39.459,"5.800,4",103
0,9,1632440700.0,39.459,"5.800,4",103
0,9,1632441600.0,39.459,"5.800,4",103
0,9,1632442500.0,39.459,"5.800,4",103
0,9,1632443400.0,39.459,"5.800,4",103
0,9,1632444300.0,39.459,"5.800,4",103
0,9,1632445200.0,39.459,"5.800,4",103
0,9,1632446100.0,39.459,"5.800,4",103
0,9,1632447000.0,39.459,"5.800,4",103
0,9,1632447900.0,39.459,"5.800,4",103
0,9,1632448800.0,39.459,"5.800,4",103
0,9,1632449700.0,39.459,"5.800,4",103
0,9,1632450600.0,39.459,"5.800,4",103
0,9,1632451500.0,39.459,"5.800,4",103
0,9,1632452400.0,39.459,"5.800,4",103
0,9,1632453300.0,39.459,"5.800,4",103
0,9,1632454200.0,39.459,"5.800,4",103
0,9,1632455100.0,39.459,"5.800,4",103
0,9,1632456000.0,39.459,"5.800,4",103
0,9,1632456900.0,39.459,"5.800,4",103
0,9,1632457800.0,39.459,"5.800,4",103
0,9,1632458700.0,39.459,"5.800,4",103
0,9,1632459600.0,39.459,"5.800,4",103
0,9,1632460500.0,39.515,"5.808,7",103
0,9,1632461400.0,39.515,"5.808,7",103
0,9,1632462300.0,39.515,"5.808,7",103
0,9,1632463200.0,39.515,"5.808,7",103
0,9,1632464100.0,39.515,"5.808,7",103
0,9,1632465000.0,39.515,"5.808,7",103
0,9,1632465900.0,39.515,"5.808,7",103
